run,temp,temppoor,temp2,temp2poor,prec,precpoor,prec2,prec2poor
0,.0088951,.0254342,-.0003155,-.000772,6.72e-06,.0000258,-2.69e-09,-7.44e-09
1,.0022934,.0211049,-.0001099,-.0006917,.0000189,.0000334,-5.42e-09,-9.87e-09
2,.0083467,.0596645,-.0004279,-.0014609,5.75e-06,3.82e-06,-5.93e-09,-2.13e-09
3,.0099419,.0133363,-.0004195,-.0004396,5.58e-06,.0000336,1.76e-10,-1.04e-08
4,.0059892,.0208778,-.0001626,-.0006404,.0000105,.0000379,1.64e-11,-1.01e-08
5,.0099298,.0261941,-.0003262,-.0007059,-5.83e-06,.0000345,-2.51e-10,-1.09e-08
6,.0049708,.0521404,-.0000878,-.0013322,.0000177,9.36e-06,-5.11e-09,-2.28e-09
7,.0120154,.0779259,-.0005185,-.0017798,-1.26e-06,.0000246,5.05e-09,-7.23e-09
8,.0133793,.0060538,-.0004857,-.0003268,3.28e-06,.0000406,2.34e-11,-1.38e-08
9,.005207,.0405065,-.0001716,-.001157,.000016,.0000436,-5.82e-09,-1.11e-08
10,.0125558,.0159711,-.0007429,-.000629,-.0000183,.0000128,2.21e-09,-3.13e-09
11,.0083375,.048458,-.0004653,-.0011504,7.36e-06,.0000411,-2.25e-09,-1.20e-08
12,.0050936,.052051,-.0001439,-.0013864,.0000404,.0000367,-1.12e-08,-8.43e-09
13,.0199821,.0491887,-.0006966,-.0012903,-6.77e-06,.000037,-3.09e-09,-1.23e-08
14,.0144564,.0053371,-.000593,-.0003922,-.0000309,7.69e-06,1.05e-08,-2.95e-09
15,.0054036,.0148818,-.0001359,-.0006566,-3.97e-06,8.71e-06,1.81e-09,-4.72e-09
16,.004533,.0119843,-.0001935,-.0004767,9.54e-06,.0000265,-2.25e-10,-6.80e-09
17,.0143748,.0432739,-.0004803,-.0010955,.000022,.0000451,-7.21e-09,-1.35e-08
18,.0152182,.0441989,-.0004695,-.0014119,.0000103,-7.89e-06,-3.84e-09,1.04e-09
19,.0078364,.0408766,-.0001424,-.0010875,2.20e-06,.0000225,-7.33e-11,-6.23e-09
20,.0044081,.0301016,-.000102,-.0009131,.0000361,.0000217,-9.46e-09,-6.39e-09
21,.0011769,.0291607,-.0000264,-.0007359,9.89e-06,.0000181,-3.60e-09,-6.87e-09
22,.0158193,.0181755,-.0004356,-.0007298,.0000145,6.43e-06,-5.86e-09,-2.12e-09
23,.0047121,.0160661,-.0000879,-.0006533,-8.32e-07,.0000168,-6.58e-10,-6.22e-09
24,.0112032,.0257546,-.0004034,-.000802,-4.39e-07,.0000359,-4.03e-09,-1.02e-08
25,.0095703,.0400575,-.0002451,-.0010876,-.0000112,.0000323,4.26e-10,-9.37e-09
26,.0146996,.0501783,-.0004964,-.001326,.0000105,.0000222,-3.83e-09,-7.27e-09
27,.0094705,.0601118,-.0003515,-.0017555,-6.95e-06,.0000247,1.46e-09,-5.12e-09
28,.003231,.0286242,-.0001208,-.0008644,.0000178,.00003,-3.47e-09,-6.39e-09
29,.0074408,.0377405,-.0003446,-.0011294,5.84e-06,.000035,-6.48e-09,-8.20e-09
30,.0028527,.0180306,-.0002422,-.00073,3.49e-06,.0000316,-8.88e-10,-7.72e-09
31,.0125364,.0085851,-.0005328,-.0004653,7.32e-06,.0000204,-2.35e-09,-6.75e-09
32,.0039819,.0373709,-.0001989,-.0011457,5.97e-06,.0000262,-2.45e-09,-9.73e-09
33,.0130116,.0433313,-.0003388,-.0010737,.0000116,.0000263,-2.90e-09,-6.68e-09
34,.0032333,.0421714,-.0000545,-.001038,.0000154,.0000196,-4.49e-09,-5.81e-09
35,.0119015,.0127023,-.0004657,-.000589,5.79e-06,.0000312,-6.34e-10,-1.02e-08
36,.0064954,-.0077322,-.000298,-.0001851,-3.32e-06,.0000207,6.69e-10,-4.35e-09
37,.0076184,.020094,-.0005368,-.0007191,-3.10e-06,.000035,9.43e-10,-8.54e-09
38,.0138356,.0335673,-.0005108,-.0009156,.0000297,.0000265,-1.11e-08,-7.25e-09
39,.0051915,.0181007,-.000142,-.0007159,6.25e-06,.0000287,-2.54e-09,-8.63e-09
40,.0028029,.0088183,-.0001759,-.0003816,.0000153,.0000414,-2.37e-09,-1.13e-08
41,.013939,.0659207,-.0004774,-.0017158,1.55e-07,.0000196,-1.18e-09,-4.48e-09
42,.0118248,.0362866,-.0004973,-.0009655,8.76e-06,.0000466,-3.47e-09,-1.43e-08
43,.0142973,.0092685,-.0004935,-.0004774,-.000016,.0000108,-1.44e-09,-4.79e-09
44,.0076172,.0008587,-.0003608,-.0002088,.0000208,.0000298,-5.00e-09,-7.09e-09
45,.0160497,.0746504,-.0005747,-.0016987,-8.14e-06,.0000343,3.30e-09,-8.64e-09
46,.0104414,.0395013,-.000227,-.0009798,-.0000207,.0000383,1.78e-09,-1.06e-08
47,.0080525,.0328941,-.0001927,-.0009075,.0000315,1.69e-06,-7.66e-09,-3.64e-09
48,.014534,.0408363,-.0004509,-.0010225,-7.60e-06,.0000436,2.34e-09,-1.22e-08
49,-.0008082,.0253803,.0000988,-.000723,-.0000194,.0000119,8.30e-09,-2.90e-09
50,.0090463,.027775,-.0003258,-.0007028,.0000103,.0000443,-2.38e-09,-1.33e-08
51,.0053028,.0267952,-.0000486,-.0009531,.0000301,.0000329,-9.88e-09,-8.50e-09
52,.0072595,.0323291,-.0003451,-.0009189,.0000329,.0000613,-8.92e-09,-1.65e-08
53,.0139262,.0331005,-.0004492,-.0010123,.0000191,.0000485,-7.40e-09,-1.46e-08
54,.0066768,.0294519,-.0002174,-.0008228,.0000269,3.06e-06,-8.18e-09,7.50e-11
55,.0148985,.0268877,-.0005153,-.0006528,-1.86e-06,.0000464,-4.37e-09,-1.60e-08
56,.0119672,.008578,-.0003403,-.0004101,.0000147,.0000231,-4.72e-09,-7.64e-09
57,.0046881,-.002761,-.0002146,-.0001808,.0000122,.0000208,-4.29e-09,-6.27e-09
58,.0215099,.0172135,-.000711,-.0005548,.0000145,.0000165,-3.25e-09,-4.07e-09
59,.0083833,.0313188,-.0001298,-.0009147,.0000309,.0000249,-9.74e-09,-9.70e-09
60,.0039281,.0142242,-.0001412,-.0005288,4.15e-06,.0000242,-1.52e-10,-6.57e-09
61,.0105125,.0141659,-.0003317,-.0005096,1.77e-06,.0000237,1.58e-09,-9.12e-09
62,.0100108,.0063379,-.0003599,-.0003538,.0000136,.0000284,-6.29e-09,-8.27e-09
63,.0074781,.0032329,-.0003109,-.0001092,-3.43e-06,.0000239,1.04e-09,-8.04e-09
64,.0138392,.0477617,-.000507,-.001235,-3.39e-06,9.85e-06,1.16e-09,-5.90e-09
65,.0091024,.0261976,-.000198,-.0007604,7.91e-06,.0000221,-2.36e-09,-7.30e-09
66,-.0027134,-.0008659,-.0000282,-.0001572,8.95e-06,.0000409,-1.64e-09,-1.40e-08
67,.0098461,.0267302,-.0003489,-.0006488,-9.75e-07,.000014,-1.17e-10,-3.49e-09
68,.0202758,.040728,-.0006832,-.0009208,-3.54e-07,.0000571,5.67e-10,-1.45e-08
69,.0138255,.0290858,-.0007856,-.0008334,.0000146,.0000309,5.42e-10,-8.21e-09
70,.0121809,.0393662,-.0003734,-.0011397,-2.66e-06,.0000287,-7.54e-11,-8.35e-09
71,.0139939,.0534873,-.0004549,-.001307,-4.36e-06,.0000132,7.91e-10,-4.79e-09
72,.0109378,.0024103,-.0003745,-.0002584,5.44e-07,.0000292,-7.92e-10,-8.79e-09
73,.0105294,.0419857,-.000542,-.0009841,-.0000136,.0000196,5.47e-10,-5.92e-09
74,.0074056,.0163405,-.0003236,-.000484,6.36e-06,.000031,-4.66e-09,-1.03e-08
75,.0032439,.009095,-.0001792,-.0003344,9.31e-06,.0000399,-2.31e-09,-8.45e-09
76,.0044908,.0306674,-.000131,-.0009343,-.0000135,.0000214,-2.85e-09,-5.61e-09
77,.0192437,.0338543,-.0007716,-.0009978,.0000266,.0000187,-1.14e-08,-5.55e-09
78,.0115305,.0197196,-.000367,-.0005038,.000012,.0000228,-2.22e-09,-7.75e-09
79,.0051037,.0238485,-.0001375,-.0007485,-9.26e-06,.0000256,6.79e-10,-6.89e-09
80,-.0028845,.0152081,.0002744,-.0004184,-2.00e-08,.0000169,1.78e-09,-5.89e-09
81,.0049276,.0435979,-.0003339,-.0011896,6.99e-06,.0000295,-4.22e-09,-8.13e-09
82,.0112686,.0257052,-.0004325,-.000806,-6.50e-06,3.05e-06,1.63e-09,-1.51e-09
83,.0104355,.0527767,-.0003421,-.0013078,.0000118,.0000464,-4.65e-09,-1.26e-08
84,.0170869,.0355259,-.0007499,-.0009328,-.0000185,.0000317,5.71e-09,-7.63e-09
85,.0064657,.0017832,-.0003814,-.0003326,9.62e-06,.0000258,-4.64e-09,-4.81e-09
86,.0156716,.0027373,-.0003349,-.000385,8.29e-06,.0000369,1.56e-10,-9.15e-09
87,.0064911,-.0202127,-.0002644,.0003032,9.90e-06,.0000223,-9.82e-09,-1.04e-08
88,.0055377,.0150364,-.0001893,-.0004614,-2.74e-06,.0000204,7.47e-10,-6.51e-09
89,.0033498,.0081674,-.0003003,-.0003812,3.28e-07,.0000341,1.87e-10,-9.72e-09
90,.0103122,.0366781,-.000303,-.0009441,.0000106,.0000583,-2.94e-09,-1.72e-08
91,.0090697,-.0076168,-.000345,-.0001162,-.0000129,.0000373,2.20e-09,-1.14e-08
92,.0030405,.0159598,-.0000891,-.0005621,.000017,.0000438,-3.42e-09,-1.27e-08
93,.0057096,.0754087,-.0002436,-.0018099,-.0000105,.0000186,1.99e-09,-4.28e-09
94,.0065092,.0410153,-.0003265,-.0012101,6.34e-06,.000033,-3.35e-09,-8.46e-09
95,-.005848,.011281,.000143,-.0003965,.0000221,.0000351,-3.25e-09,-8.94e-09
96,.006611,.0141487,-.0001979,-.0004998,.0000119,.0000305,-8.08e-10,-9.75e-09
97,.0098977,.0114446,-.0003115,-.000579,3.36e-06,3.87e-07,2.11e-11,-4.69e-09
98,.0057708,.0481842,-.0003133,-.0012316,2.53e-07,.0000364,-4.54e-09,-9.01e-09
99,.0102072,.0322065,-.0003075,-.000836,8.22e-06,3.01e-06,-6.04e-10,-4.08e-09
100,.0078764,.0350206,-.0003304,-.0009628,.000015,.0000317,-6.23e-09,-1.08e-08
101,.0036903,.0213023,-.0001113,-.0004975,.0000314,.0000358,-1.03e-08,-1.03e-08
102,.0059716,.028437,-.0000924,-.0008078,.0000152,.000041,-5.39e-09,-1.12e-08
103,.0081931,.0989914,-.0002206,-.0024815,.0000137,.0000256,-5.41e-09,-8.62e-09
104,.0055659,.0421226,-.0001539,-.0010357,.0000128,.0000452,-3.95e-09,-1.24e-08
105,.0063772,.0306702,-.0002794,-.0007745,-5.24e-06,.0000221,8.00e-10,-6.13e-09
106,.0059393,-.0088771,-.0001377,.0000624,.0000205,.0000202,-4.73e-09,-5.53e-09
107,.0105259,.0062451,-.0004331,-.0004395,7.85e-06,-.0000115,-3.48e-09,6.38e-10
108,.0052611,.0543943,-.0002183,-.001304,.0000156,.0000311,-4.05e-09,-9.20e-09
109,.009784,.0360942,-.0004195,-.0009437,.0000105,.0000448,-3.28e-09,-1.37e-08
110,.0110731,.033663,-.0004259,-.001004,8.42e-06,.0000323,-8.71e-09,-5.96e-09
111,.0070452,.0475942,-.0002446,-.0012746,9.19e-06,.0000544,-5.27e-09,-1.47e-08
112,.0054969,.0123205,-.0002114,-.0003917,.0000128,.0000357,-2.06e-09,-1.12e-08
113,.0079285,.0361928,-.0002603,-.0010994,.0000125,.0000312,-5.82e-09,-9.38e-09
114,.0094023,.0604756,-.0004652,-.0016659,8.88e-07,.0000296,-1.25e-09,-7.80e-09
115,.0090754,.0613189,-.0004767,-.0015008,.0000162,.000029,-6.05e-09,-9.96e-09
116,.0082022,.0446599,-.0005708,-.0011061,-.0000257,.0000189,4.41e-09,-5.09e-09
117,.0109625,.0745143,-.000259,-.001784,-3.74e-06,.000049,-2.11e-09,-1.40e-08
118,.0146628,.0257826,-.0005647,-.0010025,7.33e-06,.0000563,7.36e-10,-1.92e-08
119,.0073882,.0459358,-.0002884,-.0011694,3.08e-08,.0000429,-1.83e-09,-1.17e-08
120,.0057478,.0219924,-.0003043,-.0006085,-3.88e-06,.0000213,-4.07e-10,-7.23e-09
121,.0105571,.0293332,-.0000995,-.000997,9.35e-06,.0000466,-5.78e-09,-1.42e-08
122,.0160398,.0542972,-.0005474,-.0012903,.000019,.0000268,-5.71e-09,-9.28e-09
123,.0106851,.0298549,-.0001669,-.0008959,9.09e-06,.00004,-1.56e-09,-1.22e-08
124,.0143354,.0414704,-.0005589,-.0010671,.0000168,.0000479,-4.00e-09,-1.26e-08
125,.0106055,.0349347,-.0002924,-.0011733,.0000136,.0000263,-7.20e-09,-5.26e-09
126,.0039256,.0402442,-.0002072,-.0011587,.0000219,.0000303,-6.72e-09,-6.96e-09
127,.0161706,.0366738,-.000507,-.0009524,7.79e-06,.0000123,-6.49e-09,-2.58e-09
128,.0123803,.0327541,-.0003416,-.0008576,3.09e-06,.0000317,-8.05e-10,-8.67e-09
129,.0121662,.0386592,-.0003888,-.0010407,.000021,.0000383,-5.66e-09,-7.87e-09
130,.0131933,.028711,-.0003782,-.0008095,-5.90e-06,-2.64e-06,1.21e-09,-2.10e-09
131,.0066456,-.0060575,-.0003268,-.000029,-.0000108,.0000188,7.86e-09,-5.48e-09
132,.005832,.0164462,-.0004071,-.0004862,.0000232,-.0000141,-6.14e-09,2.76e-09
133,.0127629,.0048408,-.0004403,-.0002767,7.10e-06,.0000418,-2.27e-09,-1.37e-08
134,.0038787,-.0047324,-.0000281,-.0000216,3.18e-06,.0000329,-9.77e-10,-9.33e-09
135,.0023387,.0217931,-.000174,-.0006632,.0000209,.0000221,-7.38e-09,-5.87e-09
136,.0084948,.0351806,-.0004145,-.0009502,.0000116,.0000208,-2.03e-09,-5.66e-09
137,.0176586,.0127687,-.000583,-.0005621,-.0000151,.0000323,2.71e-09,-8.54e-09
138,.0011443,.0301208,-.0001668,-.0009458,3.20e-06,.0000352,-3.75e-09,-9.90e-09
139,.0131563,.0411669,-.0003289,-.001028,-.000017,.0000565,2.94e-10,-1.42e-08
140,.00693,.0091801,-.0002813,-.0004049,-.0000106,.0000473,1.86e-09,-1.37e-08
141,.00544,.0509497,-.0003262,-.001384,.000033,.0000309,-1.08e-08,-1.07e-08
142,.0136266,.049921,-.0005353,-.0013268,.0000246,.0000515,-6.14e-09,-1.11e-08
143,.0117528,.0270715,-.0003953,-.0008551,.0000462,.0000331,-1.47e-08,-8.35e-09
144,.0078751,-.0234246,-.0001726,.0002193,.000012,.0000173,-2.77e-09,-4.92e-09
145,.0194911,.037007,-.0006738,-.0010117,.0000172,.0000552,-4.54e-09,-1.53e-08
146,.012046,.0381064,-.0004643,-.00089,1.70e-06,.0000524,-1.75e-09,-1.60e-08
147,.0071282,.0488708,-.0002387,-.0012149,9.15e-06,.0000197,-1.91e-09,-6.13e-09
148,.0189827,.0526112,-.0007353,-.0014172,.0000221,.0000432,-1.02e-08,-1.06e-08
149,.0110632,.0417094,-.0007348,-.0010169,-7.27e-06,.0000229,-1.15e-09,-6.32e-09
150,.0142102,.0326843,-.0004977,-.0008397,-3.83e-06,.0000223,-1.59e-09,-6.03e-09
151,.0088594,.0336271,-.000188,-.0008668,-.000011,.0000101,-1.82e-09,-3.90e-09
152,.0057141,.0309857,-.0000976,-.0009211,.0000152,.0000238,-5.36e-09,-7.03e-09
153,.0100416,.0091402,-.0003172,-.0004553,.0000321,.0000169,-8.46e-09,-5.05e-09
154,.0141997,.0166161,-.0004273,-.0006469,5.39e-06,7.97e-06,-1.15e-09,-3.18e-09
155,.0136242,.035729,-.0003792,-.0008666,-.0000145,.0000325,-1.12e-09,-9.39e-09
156,.0075262,.0506754,-.0000405,-.001189,.000014,.0000489,-4.36e-09,-1.29e-08
157,.0150147,.0691435,-.0006174,-.0016911,6.75e-06,.0000334,-5.65e-09,-7.03e-09
158,.0189852,.0284819,-.0007351,-.0008349,-6.75e-06,.0000151,-6.32e-10,-6.19e-09
159,.0081446,.0331178,-.0002875,-.0008933,-1.30e-06,.0000298,3.86e-11,-7.65e-09
160,.0119693,.0404741,-.0004521,-.0011637,.0000226,.0000165,-1.00e-08,-4.93e-09
161,.0100552,.0177274,-.0004755,-.0006698,-.0000117,.000044,-2.57e-09,-1.13e-08
162,.0085175,.0401108,-.0002137,-.001138,.0000287,.0000107,-4.66e-09,-5.64e-09
163,.0112322,.0229626,-.0004874,-.0006171,.0000202,.0000152,-1.04e-08,-3.31e-09
164,.0100999,.0361615,-.000293,-.0010178,-.0000107,.0000482,4.68e-09,-1.09e-08
165,.0230189,.0207441,-.000592,-.000691,-.000024,.0000195,6.75e-09,-9.50e-09
166,.0123223,.0428511,-.0003563,-.0012191,3.13e-06,.0000422,-2.49e-09,-1.18e-08
167,.0077861,.010125,-.0003437,-.0003574,.0000186,.000038,-4.26e-09,-8.81e-09
168,.0121584,.0759145,-.0002912,-.0017769,2.44e-06,.0000416,-1.62e-10,-1.25e-08
169,.0145451,.0444749,-.000514,-.001151,5.74e-06,7.51e-06,-1.82e-09,-3.40e-09
170,.0083983,.0250745,-.0002152,-.0007989,.0000173,.0000288,-2.76e-10,-9.03e-09
171,.0051835,.0332418,-.0002331,-.0009175,.0000194,.0000386,-4.81e-09,-1.17e-08
172,.0100615,.0373596,-.0002977,-.0009076,-.0000153,.0000459,4.73e-09,-1.09e-08
173,.0175421,.014458,-.0005995,-.0005043,.0000215,.0000145,-6.02e-09,-4.64e-09
174,.0112533,.0146593,-.0005121,-.0005289,4.46e-06,.0000169,2.29e-09,-4.34e-09
175,.0094613,-.0070873,-.0004336,-6.05e-06,9.00e-06,.0000352,-3.34e-09,-9.73e-09
176,.0141092,.0179522,-.0007281,-.0006462,.0000175,.0000266,-6.64e-09,-9.41e-09
177,.016672,-.0022684,-.0006605,-.000168,4.30e-06,3.88e-06,-4.62e-09,-9.14e-10
178,.0103666,.0326708,-.0005382,-.0008876,.0000458,.0000447,-1.19e-08,-1.19e-08
179,.0117788,.0495631,-.0004521,-.0014247,-3.73e-06,.0000174,-6.03e-10,-8.25e-09
180,.006108,.0245349,-.0002728,-.0007128,.0000167,.000021,-7.27e-09,-5.37e-09
181,.0058028,.0132846,-.0000658,-.0004399,6.14e-06,.0000214,-2.90e-09,-7.10e-09
182,.012312,.0208821,-.0003069,-.0005668,.0000268,.0000118,-9.87e-09,-5.31e-09
183,.0098988,-.0188824,-.0003228,.0000928,5.05e-06,.0000468,-2.79e-09,-1.30e-08
184,.0054131,.0433111,-.0000872,-.0012001,.0000223,.0000339,-5.70e-09,-8.64e-09
185,.0059077,.0571738,-.0001451,-.0017291,.0000128,.0000189,-3.28e-09,-4.34e-09
186,.0078608,.023457,-.0002472,-.0009008,-6.87e-06,.0000164,5.62e-10,-4.63e-09
187,.0085499,.0696705,-.0003467,-.0017672,.0000107,.0000371,-5.25e-09,-1.05e-08
188,.0115892,.0115143,-.0002371,-.0005873,-9.82e-06,.0000172,-5.36e-10,-6.48e-09
189,.0085553,.0370681,-.0005007,-.0010139,-8.24e-06,-9.87e-06,-2.87e-10,3.53e-10
190,.0086765,.0179165,-.0002175,-.0006223,1.18e-06,.0000137,-1.38e-09,-3.81e-09
191,.0068794,.0425865,-.0002013,-.0010993,8.19e-06,.0000117,-1.13e-09,-5.15e-09
192,.0068639,.0215791,-.0002672,-.000653,-2.02e-06,.0000183,3.50e-09,-6.49e-09
193,.0062118,.0281576,-.0001818,-.0007633,.0000512,.0000133,-1.26e-08,-2.28e-09
194,.0035628,.0515978,-.0000136,-.0014778,-3.78e-06,.0000226,1.39e-09,-6.20e-09
195,.0144106,.0390138,-.0003631,-.0011767,.0000296,.000038,-4.35e-09,-1.31e-08
196,.0021974,.035835,.0000238,-.0007876,.000023,.0000288,-6.55e-09,-9.12e-09
197,.0143621,.0334177,-.0005315,-.0010959,.0000406,4.59e-06,-7.84e-09,-3.52e-09
198,.0145868,.008177,-.0006059,-.0003718,7.80e-06,.0000389,-3.61e-09,-9.86e-09
199,.0079287,.0437138,-.0004871,-.0012872,.0000193,7.59e-06,-4.12e-09,-1.05e-09
200,.0083821,.0375701,-.0001509,-.0010296,.0000156,.0000241,-6.78e-09,-5.21e-09
201,.0021064,.0159188,-.0001207,-.0005403,.0000115,.000034,-3.88e-09,-9.26e-09
202,.0048008,.0302853,-.0001616,-.0008958,8.98e-06,.0000323,-4.65e-09,-8.39e-09
203,.0133563,.0228127,-.0004697,-.0007653,3.24e-06,.0000221,-9.88e-10,-9.36e-09
204,.0099746,.0090114,-.0002864,-.0003363,.0000293,.0000303,-8.79e-09,-1.06e-08
205,.0087246,.0223428,-.0003077,-.000737,4.05e-06,.0000399,-3.92e-09,-1.10e-08
206,.0151163,.0057346,-.0006565,-.0004297,7.07e-06,.0000368,7.48e-10,-9.37e-09
207,.0113692,.0354272,-.0004235,-.0009987,.0000159,.0000114,-5.68e-09,-3.04e-09
208,.0164623,.0094805,-.0004942,-.0004777,.0000116,.0000159,-5.80e-09,-6.12e-09
209,.0126948,.0307696,-.0002352,-.0007922,-.0000242,.0000371,7.48e-09,-1.14e-08
210,.0102423,.0166286,-.0005632,-.0005804,-.0000138,.0000124,-1.31e-09,-4.45e-09
211,.0014864,.0069136,.0001056,-.0003966,4.80e-06,.0000332,-2.25e-09,-9.09e-09
212,.0132107,.0509722,-.0006344,-.0012403,-7.85e-07,.0000348,1.22e-09,-1.17e-08
213,.0072032,.0581172,-.0003236,-.0015449,-1.89e-06,.0000393,-1.47e-09,-9.61e-09
214,.0120471,.0069303,-.0006212,-.000402,.0000212,.0000411,-4.17e-09,-1.04e-08
215,.0072057,.0243696,-.0001889,-.0008774,.0000231,.000022,-5.92e-09,-6.60e-09
216,.0038149,.0203505,-.0002146,-.0007173,.0000132,.0000285,-3.29e-09,-1.03e-08
217,.0047245,.0229798,-.0002348,-.0007251,.0000451,.0000336,-1.03e-08,-1.16e-08
218,.0043059,.0586729,-.0002376,-.0014786,-.0000195,.0000103,3.60e-09,-5.25e-09
219,.0019483,.0306115,5.80e-06,-.0009348,.0000187,.0000162,-4.62e-09,-5.24e-09
220,.010126,.0293147,-.0001914,-.0009024,.0000131,.0000541,-6.33e-09,-1.64e-08
221,.0055969,.03837,-.0002773,-.0010835,-.000013,.000017,1.53e-09,-7.80e-09
222,.0149781,.0538041,-.0003294,-.0013862,-.0000224,.0000115,3.75e-10,-3.14e-09
223,.0157426,.0075068,-.0006886,-.0003262,.0000138,.0000513,-3.17e-09,-1.34e-08
224,.0028352,.0351907,-.0001103,-.0010612,-.0000153,.0000121,3.42e-09,-4.92e-09
225,.0047883,.0314509,-.0001648,-.0008296,.0000163,.0000297,-5.09e-09,-6.38e-09
226,.0028659,.0102334,-.0000502,-.0004716,-6.20e-06,.0000237,2.62e-09,-7.64e-09
227,.0024356,.0109556,-.0000636,-.0004156,.0000336,.0000454,-7.87e-09,-1.01e-08
228,.0051349,-.0216346,-.0001189,.0002268,-.0000177,.0000175,1.35e-09,-4.19e-09
229,.0071442,.0158068,-.0002808,-.0007743,-.0000188,7.77e-07,5.90e-09,-3.59e-09
230,.0134272,.0160857,-.0004547,-.0005095,-2.18e-06,.0000162,3.60e-09,-5.12e-09
231,.0101998,.0153748,-.0000712,-.0005818,-.0000331,.0000173,7.87e-09,-5.18e-09
232,.0147937,.0212036,-.0004192,-.0008026,-1.40e-06,.0000352,1.70e-09,-9.47e-09
233,.0142874,.0213329,-.0005816,-.0005701,.0000288,.0000382,-1.19e-08,-1.07e-08
234,.0128056,.0257202,-.0003816,-.00085,-.0000109,.0000153,4.78e-09,-3.80e-09
235,.0100432,.0466209,-.0002531,-.0012084,-2.86e-06,-3.36e-06,-1.27e-09,-1.88e-09
236,.0102413,.0181649,-.0002912,-.0007017,9.45e-06,.0000244,-5.76e-09,-8.58e-09
237,.01191,.0355048,-.0003803,-.0009547,-2.07e-06,.0000309,-6.18e-10,-9.61e-09
238,.004058,.0227248,-.0002081,-.0007056,.0000126,.0000328,-4.42e-09,-9.38e-09
239,.0100977,.021433,-.0002708,-.0007704,.0000135,.00003,-3.24e-09,-8.53e-09
240,.0182334,.0083735,-.0005802,-.0004947,6.03e-06,.0000222,-4.05e-09,-6.31e-09
241,.0135453,.0087716,-.0003507,-.0004279,-.0000131,1.21e-06,7.79e-10,-2.70e-09
242,.0042348,.0296408,-.0002235,-.000889,.0000258,4.75e-06,-3.03e-09,-2.37e-09
243,.0089518,.0151164,-.0004179,-.0005711,.00001,.0000135,-2.81e-09,-3.89e-09
244,.0073693,.0141735,-.0001732,-.0004679,.0000144,.00004,-2.50e-09,-1.13e-08
245,.0108714,.0365716,-.0005406,-.0009879,.0000261,.0000459,-7.12e-09,-1.09e-08
246,.0067965,.0370769,-.0001945,-.0010477,.0000331,.0000311,-1.04e-08,-5.92e-09
247,.0030711,.0490292,-.000142,-.0010703,.0000156,.0000456,-4.53e-09,-1.23e-08
248,.0086082,.0633454,-.0005009,-.0014721,.0000226,.0000123,-7.24e-09,-4.28e-09
249,.0082593,.0180058,-.0001806,-.0007406,.0000298,.000041,-6.49e-09,-1.09e-08
250,.0105478,.0160771,-.0004181,-.0005933,-.00002,.0000228,7.05e-09,-7.28e-09
251,.006708,.031414,-.0001239,-.0008663,5.87e-06,8.91e-06,-2.73e-09,-3.02e-09
252,.011798,-.0046626,-.0004846,-.0002259,.000017,.0000386,-2.58e-09,-1.13e-08
253,.0122615,.0303583,-.0004307,-.0008301,5.00e-06,.000032,-5.62e-09,-1.07e-08
254,.0140163,.0347258,-.0004142,-.0010677,-4.33e-06,.0000208,-1.39e-09,-4.52e-09
255,.0072436,.0360513,-.0002559,-.0011279,8.23e-06,.0000207,-1.79e-09,-5.69e-09
256,.0091151,.0276473,-.0004139,-.0008103,.000028,.0000335,-9.88e-09,-8.39e-09
257,.0116211,.0280443,-.0003774,-.0008253,-.0000255,-9.39e-07,1.09e-09,-1.21e-09
258,.0143037,.0407131,-.0006208,-.0009404,-.000014,.0000113,2.42e-09,-8.21e-09
259,.0103657,.0392073,-.0003194,-.0010345,-.0000113,9.87e-06,-9.95e-10,-4.78e-09
260,.0099863,.0258515,-.000339,-.0007968,.0000148,.0000236,-5.28e-09,-6.55e-09
261,.0104895,.0189662,-.0003499,-.0006625,-2.05e-06,.0000289,-1.09e-09,-1.18e-08
262,.0108593,.0462891,-.0004623,-.0011324,.0000176,.0000199,-5.45e-09,-5.83e-09
263,.0080213,.0275121,-.0003196,-.0008585,7.47e-06,.0000268,-7.20e-09,-7.54e-09
264,.0130027,.0117133,-.0004585,-.0005037,-.0000115,.0000347,4.57e-10,-1.13e-08
265,.0135179,.0075674,-.0006319,-.0003626,-1.87e-06,.0000348,-2.72e-09,-8.45e-09
266,.0158348,.0165357,-.0007314,-.0006777,3.65e-06,.0000192,2.85e-09,-4.10e-09
267,.0098247,.0242227,-.0003249,-.0007488,.0000226,.0000212,-7.80e-09,-6.26e-09
268,.0228684,.0651633,-.0008976,-.001571,-2.97e-06,.0000129,-4.43e-09,-4.76e-09
269,.0076076,.0180398,-.0002674,-.0005013,.0000119,.0000448,-3.83e-10,-1.10e-08
270,.008098,.0159794,-.000385,-.0004092,6.32e-06,.0000246,-5.34e-09,-9.49e-09
271,.017216,.0573794,-.0005515,-.0014498,.0000117,.0000281,-3.02e-09,-6.88e-09
272,.0073775,.0530048,-.0002894,-.0012647,.0000179,.000023,-4.11e-09,-7.66e-09
273,.0268774,.0150018,-.0010546,-.0006189,-9.15e-06,.000016,-2.09e-09,-3.75e-09
274,.0074071,.0319375,-.0003657,-.0008069,-2.53e-06,9.59e-06,-1.55e-09,-3.43e-09
275,.0123255,.0449775,-.0004554,-.0011904,8.32e-06,.0000322,-2.38e-09,-8.24e-09
276,.0193406,.0212823,-.0006594,-.0009049,8.62e-07,.0000204,-1.44e-09,-5.42e-09
277,.015115,.0549485,-.0003321,-.0012747,-.0000119,.0000325,2.45e-09,-1.20e-08
278,.0135303,.024292,-.0004058,-.0006104,.0000156,.0000292,-6.40e-09,-9.18e-09
279,.0221449,.011295,-.0008545,-.0006011,.0000171,.0000145,-4.58e-09,-3.00e-09
280,.0103114,.0308476,-.0004304,-.0009811,.0000199,.0000275,-7.01e-09,-9.85e-09
281,.0096925,-.0043961,-.0003702,-.0001615,.0000124,.0000175,-5.64e-09,-6.20e-09
282,.0042638,.0130629,-.0000889,-.0005197,-4.32e-06,-4.00e-06,7.41e-10,4.58e-10
283,.0082268,.0246115,-.0004395,-.0007461,4.35e-06,.0000136,-5.84e-10,-4.43e-09
284,.0090801,.0233433,-.0003389,-.0008085,.0000108,2.05e-06,-3.34e-09,-1.90e-09
285,.0022834,.0162852,-.000095,-.0004166,7.80e-06,.0000309,-1.32e-09,-8.59e-09
286,.0121648,.0268042,-.000528,-.0006631,-9.63e-06,.0000169,-9.70e-10,-6.85e-09
287,.0098513,.0112742,-.0003957,-.0005191,-4.07e-06,.0000252,-1.12e-09,-9.04e-09
288,.0072856,.0213606,-.000259,-.0006175,-.0000129,.0000436,8.43e-10,-9.45e-09
289,.0131014,.0565515,-.0005291,-.0013969,-8.88e-06,.000039,1.89e-09,-1.24e-08
290,.007101,.0247509,-.0001455,-.0008099,9.81e-06,.000039,-3.90e-10,-9.33e-09
291,.0091705,.0040219,-.0002092,-.0002721,-6.20e-06,.0000512,9.99e-10,-1.13e-08
292,.0155247,.0455851,-.0006036,-.0012239,.0000121,.0000182,-3.02e-09,-5.05e-09
293,.0107813,.0645277,-.0004439,-.0015167,-.0000107,.0000474,7.26e-09,-1.24e-08
294,.0069204,.0345763,-.0003714,-.0009572,.000033,.0000293,-1.04e-08,-8.59e-09
295,.0075907,.0294353,-.0001329,-.0007146,-4.49e-06,.0000318,4.28e-10,-1.02e-08
296,.0020123,.0043406,-.0000928,-.0003561,-1.88e-06,.0000222,-6.58e-10,-6.46e-09
297,.0086906,.0060646,-.0003368,-.0003549,3.14e-06,.0000259,6.78e-10,-6.90e-09
298,.0177874,.0107082,-.0005838,-.0003016,.0000213,.0000488,-4.43e-09,-1.17e-08
299,.0030087,.0084987,.0000685,-.0004782,-5.12e-07,3.82e-06,-4.84e-10,-2.13e-09
300,-.0035807,.0288657,.0000421,-.0007195,-7.33e-06,.0000385,-5.76e-10,-9.10e-09
301,.0091379,.0508293,-.0001067,-.0012401,-1.36e-06,.0000529,-3.83e-10,-1.49e-08
302,.0144192,.0732193,-.0004181,-.0017923,-3.65e-06,.0000408,1.24e-09,-9.97e-09
303,.0026339,.0251308,.0000922,-.0008197,.0000233,.00002,-7.50e-09,-5.55e-09
304,.0100796,.0760226,-.0003877,-.0019141,-.0000248,.0000283,8.08e-09,-6.27e-09
305,.0054503,.0761429,-.000262,-.0016814,.0000208,.0000318,-2.93e-09,-7.35e-09
306,.0111614,.0405877,-.0002666,-.0011909,1.03e-06,.00005,-1.70e-09,-1.37e-08
307,.0183346,.0248579,-.000709,-.0008291,.0000114,.0000201,-2.29e-09,-8.26e-09
308,.0091508,.0250837,-.0003564,-.0008546,5.88e-06,.0000246,-4.14e-09,-5.68e-09
309,.0106165,.0449237,-.0002341,-.0011451,4.48e-06,.0000295,-5.08e-09,-1.00e-08
310,.0047563,.0318446,-.0001699,-.0008194,8.19e-06,.0000336,-7.46e-09,-1.05e-08
311,.0080644,.0578354,-.000351,-.0013422,.0000255,.0000194,-1.05e-08,-6.23e-09
312,.0012711,.0337167,-2.14e-06,-.0008286,.0000235,.000057,-8.30e-09,-1.48e-08
313,.007389,.0236024,-.0003434,-.000725,-2.45e-06,.0000158,-1.48e-09,-4.58e-09
314,.0082575,.008139,-.000372,-.0004427,8.37e-06,.0000152,-3.73e-09,-6.28e-09
315,.00848,.0292054,-.0003883,-.0007079,8.46e-06,.0000332,-3.68e-09,-9.31e-09
316,.0081951,.0163858,-.0003344,-.0006574,4.25e-06,.0000434,-3.32e-09,-1.31e-08
317,.0100906,.0426749,-.0003708,-.0010673,.0000195,.0000103,-8.52e-09,-5.24e-09
318,.0145688,.0314906,-.0006643,-.0010497,-1.87e-06,.0000354,-3.70e-09,-1.00e-08
319,.0059212,.0485881,-.0003604,-.0012655,-1.64e-06,.0000346,-2.45e-09,-8.39e-09
320,.011176,.0030471,-.0003329,-.0003016,1.87e-06,.0000437,-3.26e-09,-1.23e-08
321,.003328,.0181811,-.0001977,-.0006275,.0000203,.000041,-3.05e-09,-1.22e-08
322,.0081219,.0498151,-.000301,-.0011795,-.000016,.0000398,3.31e-10,-1.17e-08
323,.0035643,.0601245,-.0002204,-.0013898,-8.38e-07,.0000355,9.99e-10,-1.05e-08
324,.0168411,.0276147,-.0004383,-.0008862,-.0000176,.0000189,1.84e-09,-7.42e-09
325,.0051517,.0219393,-.0000709,-.0007559,.0000219,.0000177,-7.05e-09,-5.89e-09
326,.0212604,-.0060288,-.000427,-.000256,4.44e-06,.0000352,-8.28e-10,-1.21e-08
327,.0102745,.0312635,-.0002861,-.0007638,.000012,.0000316,4.47e-10,-1.12e-08
328,.002024,.0143646,-.0000142,-.00051,9.84e-06,.0000391,-4.93e-09,-1.20e-08
329,.007474,.0128925,-.0003634,-.0004849,6.88e-07,.0000399,-2.18e-09,-1.24e-08
330,.0103346,.0090526,-.0004539,-.000586,3.27e-06,9.90e-06,-1.41e-09,-2.31e-09
331,.0073275,.027262,-.0001983,-.0010074,2.86e-06,.0000417,-1.43e-09,-1.30e-08
332,.0066294,.0098856,-.0001207,-.0006618,-2.60e-06,.0000364,-5.54e-09,-1.01e-08
333,.0062244,.0245976,-.000229,-.0007858,.0000149,.0000568,-2.31e-09,-1.17e-08
334,.0056862,.0724335,-.0001557,-.0016832,-.0000307,.0000286,9.65e-09,-1.14e-08
335,.0085065,.0127782,-.0003209,-.0003063,7.21e-06,.0000508,-1.54e-09,-1.62e-08
336,.0127914,.0423925,-.0005406,-.0011313,1.55e-07,.000027,-5.63e-09,-6.13e-09
337,.0072743,.0113134,-.0002147,-.0004487,.000022,8.93e-06,-6.13e-09,-2.83e-09
338,.0037788,.0149662,-.0001617,-.0005973,.0000156,4.19e-06,-9.06e-09,-1.59e-09
339,.0082237,.0105238,-.0002887,-.0004298,-.0000239,.0000319,4.75e-09,-9.42e-09
340,.007477,.0319062,-.000334,-.0008322,.0000288,.0000274,-8.27e-09,-5.86e-09
341,.0089537,.014489,-.0001971,-.0005837,.0000124,.0000159,-4.96e-09,-4.95e-09
342,.0129788,.0088385,-.0007188,-.0004371,3.21e-06,.0000392,-4.57e-09,-1.03e-08
343,.0181956,.0246816,-.0006728,-.0007089,-3.07e-06,.0000276,-5.71e-09,-6.96e-09
344,.0062109,.0321341,-.0001952,-.0008849,.0000192,.0000198,-7.71e-09,-7.52e-09
345,.0076191,.0548153,-.0002212,-.0013547,.0000118,.0000135,3.97e-10,-5.99e-10
346,.0038813,.0279723,-.000272,-.0007152,.0000249,.0000424,-7.83e-09,-1.09e-08
347,.0083872,.054866,-.0005096,-.0012712,.0000407,.0000552,-1.07e-08,-1.52e-08
348,.0112105,.0302094,-.0005545,-.0009215,.0000265,.0000327,-9.63e-09,-1.01e-08
349,.0095606,.0315542,-.0004587,-.0007864,.0000205,.0000232,-9.04e-09,-6.83e-09
350,.0221551,.0215316,-.0009584,-.000752,.000027,.0000371,-9.68e-09,-1.04e-08
351,.0078683,.0534385,-.0002564,-.0015002,.0000113,.0000271,-5.00e-09,-7.43e-09
352,.005472,.0178339,-.0002159,-.0006343,.000034,.0000116,-8.33e-09,-5.34e-09
353,.0109844,.0153621,-.0003351,-.0006601,-.0000237,.0000343,7.98e-09,-9.77e-09
354,.0088833,.0212411,-.0004559,-.0007408,3.38e-06,.0000253,-5.58e-09,-6.37e-09
355,.0091727,.0300444,-.0004145,-.0008621,.0000167,.0000219,-2.98e-09,-6.73e-09
356,.005603,.0404914,-.0001472,-.0011273,-8.66e-06,.0000512,1.87e-09,-1.64e-08
357,.006091,.0232966,-.0003033,-.0006473,5.92e-06,.0000365,-2.60e-09,-1.22e-08
358,.0064764,.0082052,-.0004079,-.0005039,8.32e-06,.000059,-2.96e-09,-1.50e-08
359,.0056386,.002762,-.0002179,-.000306,9.42e-06,.0000456,-3.25e-09,-1.27e-08
360,.0108357,.0165179,-.0006133,-.0005673,.0000233,.0000305,-5.89e-09,-7.98e-09
361,.0078368,.0468524,-.0003897,-.0011846,-1.55e-06,.000041,-9.56e-10,-1.06e-08
362,.0054839,.0304935,-.0001757,-.000926,-1.60e-06,7.12e-06,-2.46e-09,-3.83e-09
363,.0188909,-.0010262,-.0008115,-.0002318,.0000201,.0000141,-8.29e-09,-5.53e-09
364,.0063414,.0212639,-.0001608,-.0007358,7.94e-06,.0000127,-3.35e-09,-5.23e-09
365,.0039825,.0226183,-.0001374,-.0005629,6.15e-06,.0000366,-2.99e-09,-1.08e-08
366,.0188568,.0569441,-.0006924,-.001458,.0000477,.000032,-1.12e-08,-1.11e-08
367,.0123409,.0311222,-.0005816,-.0009035,.0000112,.0000337,-3.98e-09,-9.17e-09
368,.0071171,.0070035,-.0002339,-.000578,.0000222,.0000219,-6.63e-09,-5.78e-09
369,-8.12e-06,.0088502,.0000744,-.0003637,.0000309,.0000368,-8.87e-09,-9.86e-09
370,.0056667,.0171244,-.0001609,-.0005053,8.67e-06,.0000437,-9.97e-10,-9.02e-09
371,.0076333,.0431474,-.0003092,-.0011555,.0000391,-2.47e-06,-8.06e-09,1.28e-10
372,.0114084,.0316509,-.0004681,-.0008437,-.0000165,.0000146,1.61e-09,-4.32e-09
373,.0074038,.0069459,-.0001312,-.0005059,-3.20e-06,.0000251,-4.21e-09,-7.26e-09
374,.0029311,.0318121,-.0001921,-.0008098,.0000433,.0000402,-1.02e-08,-8.63e-09
375,.0124744,.0137226,-.0005842,-.0005718,-.0000274,7.86e-06,7.59e-09,-4.97e-09
376,.0109656,.0154467,-.0005523,-.0005292,.0000283,.0000277,-9.05e-09,-8.76e-09
377,.011105,.0326494,-.0005261,-.0009014,.0000361,.0000196,-9.74e-09,-7.75e-09
378,.008889,.0151318,-.0004566,-.0006504,4.10e-06,.0000118,7.55e-11,-2.55e-09
379,.0059002,.0187241,-.0002286,-.0005411,.000047,.0000284,-1.28e-08,-8.49e-09
380,.0066212,-.0019795,-.0002427,-.0001188,.0000232,.0000155,-4.68e-09,-4.90e-09
381,.008783,.0160793,-.0003247,-.0006285,.0000143,.00006,-2.27e-09,-1.84e-08
382,.0135273,.0365971,-.0003548,-.0011012,-3.54e-06,.0000221,1.69e-11,-4.86e-09
383,.0059282,.0098974,-.0001718,-.0006286,.0000203,3.44e-06,-5.77e-09,-2.49e-09
384,.0104951,.036884,-.0004246,-.000988,.0000127,.0000258,-3.27e-09,-1.03e-08
385,.0212413,.0149635,-.0006883,-.0005535,-.0000225,.0000496,9.84e-10,-1.75e-08
386,.0119993,.0340355,-.0004853,-.0010689,7.77e-06,.0000217,-3.54e-09,-7.88e-09
387,.0041745,.0128891,-.0002018,-.0004737,.0000305,.0000311,-5.63e-09,-9.98e-09
388,.0083342,.012155,-.0002766,-.0004715,6.87e-06,.0000278,5.32e-10,-9.88e-09
389,.0080612,.0273357,-.00022,-.0008352,-5.42e-06,.000017,2.08e-09,-4.19e-09
390,.0082923,.0287194,-.0002026,-.0008067,-.0000151,.0000167,2.56e-09,-4.84e-09
391,.0072111,.0517092,-.0003316,-.0012037,.0000124,.0000243,-3.71e-09,-5.10e-09
392,.0172691,.0493131,-.0007471,-.0013938,-6.19e-06,.0000275,-2.24e-09,-6.31e-09
393,.0082565,.0198093,-.0002361,-.0005785,.0000163,.000024,-5.05e-09,-9.56e-09
394,-.0017359,.0497694,.0000976,-.0011941,-.0000181,.0000512,5.54e-09,-1.37e-08
395,.0099971,.017465,-.0003834,-.000568,.0000395,.0000284,-1.05e-08,-7.34e-09
396,.0033088,.0055391,-.0000382,-.0003302,.0000198,.0000362,-2.53e-09,-1.11e-08
397,.0094898,.0134975,-.0003618,-.0006041,7.10e-06,.0000204,-2.88e-09,-5.67e-09
398,.0189567,.0439471,-.0004252,-.0011133,-4.53e-06,3.54e-06,-3.85e-09,-3.39e-09
399,.015681,.0484252,-.0005227,-.0012101,.0000161,.0000284,-8.04e-09,-8.82e-09
400,.0115238,.0177558,-.0004104,-.0006511,2.26e-06,.0000342,-2.89e-10,-7.24e-09
401,.0119692,.0161258,-.0002892,-.0005668,.0000222,.0000279,1.29e-10,-1.02e-08
402,.0104902,.0424959,-.0004949,-.0011444,-7.35e-06,.0000339,3.21e-09,-8.42e-09
403,.0098517,.0096616,-.0003617,-.0005909,.0000259,.0000266,-5.36e-09,-6.30e-09
404,.0102634,.0103515,-.0003476,-.0004786,3.54e-06,.0000389,-3.43e-09,-1.43e-08
405,.0085854,.016747,-.0003592,-.0007218,-1.32e-07,.0000269,-1.31e-09,-6.54e-09
406,.0108839,.0445536,-.0002832,-.0012007,-1.54e-07,.0000272,-2.47e-09,-6.90e-09
407,.0044928,.0285438,-.0003271,-.0006728,.0000315,8.82e-06,-8.65e-09,-2.91e-09
408,.0075735,.0295632,-.0002454,-.0007835,.0000184,.0000557,-2.90e-09,-1.46e-08
409,.0073985,.0129372,-.000152,-.0005399,.0000286,.0000292,-1.01e-08,-9.06e-09
410,.0064296,.0150205,-.0002067,-.0004825,1.69e-06,7.74e-06,-1.32e-09,-4.40e-10
411,.0087025,.0318048,-.0003776,-.0008195,-6.86e-06,.0000472,3.08e-10,-1.14e-08
412,.0056886,.0791403,-.0002756,-.0017514,.000027,.0000261,-1.17e-08,-7.00e-09
413,.0038339,.0060445,-.0001162,-.0002544,3.84e-06,.0000192,-2.38e-09,-6.37e-09
414,.0163061,.0208477,-.0006342,-.000603,-2.90e-06,.0000116,-1.99e-09,-3.76e-09
415,.012153,.0085253,-.0003829,-.0004015,.0000224,.0000502,-3.99e-09,-1.52e-08
416,.002183,.0271465,.0000449,-.0006934,-7.92e-06,.0000241,3.64e-11,-6.81e-09
417,.0111285,.0490748,-.000339,-.0012123,.000018,.0000439,-2.96e-09,-1.30e-08
418,.0016421,.0180868,-.0000687,-.0007411,.000015,.0000474,-2.14e-09,-1.31e-08
419,.0063141,.0681496,-.0002967,-.0016915,5.95e-06,.0000179,-3.46e-09,-4.94e-09
420,.009554,.0602874,-.0005004,-.0012375,-3.24e-06,.0000386,1.08e-09,-1.22e-08
421,.018399,.0436632,-.0004978,-.0012242,.0000108,4.59e-06,-3.09e-09,-3.72e-09
422,.0113452,.0478086,-.0003869,-.0011974,-.0000458,.000016,1.21e-08,-5.87e-09
423,.0037298,-.0093497,-.0002207,.0000512,.0000162,.0000266,-1.38e-09,-6.90e-09
424,.0192775,.0516864,-.000647,-.0013341,5.44e-07,.0000158,-2.34e-09,-5.18e-09
425,.0140027,-.000793,-.0004815,-.0002815,9.54e-06,.0000127,-3.65e-09,-4.24e-09
426,.0081108,.0082707,-.0002584,-.0004993,-.0000131,.0000499,3.34e-09,-1.15e-08
427,.0082017,.0195313,-.0003911,-.0005119,5.01e-06,.0000279,-5.67e-09,-8.69e-09
428,.0006459,.0342422,-.0001679,-.0009258,.0000396,.0000253,-1.40e-08,-8.21e-09
429,.0074964,.0228586,-.0002731,-.0006894,.000025,.0000412,-8.57e-09,-1.36e-08
430,.0156059,.0149452,-.0005811,-.0005727,.0000338,.0000452,-1.00e-08,-1.16e-08
431,.0079233,.0145962,-.0001934,-.0005405,7.35e-06,2.44e-06,-3.11e-09,-3.25e-09
432,.0061825,.0560774,-.0002707,-.0012609,9.22e-06,.000016,-3.01e-09,-4.82e-09
433,.0132399,.01677,-.0005231,-.0006513,.0000112,.0000138,-3.82e-09,-5.44e-09
434,.0062947,.0123496,-.0002895,-.0004683,.0000236,.0000353,-7.76e-09,-1.25e-08
435,.0115423,.044517,-.0004008,-.0011646,-4.75e-06,.0000241,2.71e-09,-6.00e-09
436,.0076708,.0401654,-.0002423,-.0011938,.0000329,.0000159,-8.99e-09,-4.49e-09
437,.0095922,.0056679,-.0004341,-.0003118,-5.55e-07,9.97e-06,3.98e-09,-3.66e-09
438,.0084633,.0274002,-.0002337,-.0007312,-.0000145,.0000375,-4.22e-10,-1.02e-08
439,.010843,.0457678,-.0004596,-.001163,4.06e-06,.0000236,-3.17e-09,-7.51e-09
440,.01073,.00568,-.0003524,-.0003624,4.28e-06,.0000115,-1.99e-09,-6.01e-09
441,.0106315,.0100904,-.0004767,-.0004333,.0000165,.0000211,-3.71e-09,-6.09e-09
442,.004398,.0385047,-.0001685,-.0010365,-2.32e-06,-5.17e-08,9.78e-10,-8.42e-10
443,.004839,.0165484,-.0002399,-.0004648,.0000276,.0000369,-4.61e-09,-7.83e-09
444,.0042092,.0433081,-.0001768,-.0011419,1.96e-06,.0000328,6.30e-10,-7.82e-09
445,.0065354,.031901,-.0001371,-.0009465,.0000391,-5.23e-07,-1.00e-08,-2.06e-09
446,.0074781,.0183499,-.0004559,-.0005151,6.30e-07,.0000394,-3.05e-10,-1.07e-08
447,.009442,-.0035917,-.0003659,-.0001899,.0000227,.0000106,-4.78e-09,-5.27e-09
448,.0062532,.0256948,-.0001431,-.0008017,-.000013,.0000289,5.23e-09,-7.42e-09
449,.0059132,.0413486,-.0001122,-.0009477,3.82e-06,.0000789,-1.63e-09,-2.06e-08
450,.0099628,.0036287,-.0002127,-.0003492,.0000166,.0000263,-6.49e-09,-9.59e-09
451,.003446,.0237446,-.0002243,-.0007881,.0000243,.0000225,-5.21e-09,-6.08e-09
452,.0080272,-.0152167,-.0002741,.0001789,2.89e-06,.000034,-3.47e-09,-1.02e-08
453,.0059296,.0273651,-.000242,-.0008529,5.11e-06,.0000261,-2.61e-11,-7.56e-09
454,.0082068,.0813956,-.0001287,-.0019617,-8.24e-06,.0000245,2.30e-09,-9.12e-09
455,.0077106,.0204057,-.0002924,-.0005558,3.93e-06,.0000463,-2.19e-10,-1.49e-08
456,.008984,.0437294,-.0003474,-.001107,.0000359,.0000443,-5.69e-09,-9.53e-09
457,.009882,.0190084,-.0005019,-.0005828,.000018,.0000403,-6.46e-09,-1.05e-08
458,.0119628,.064293,-.0002901,-.0015563,-.000023,-9.58e-06,5.05e-09,1.17e-09
459,.006629,.0485813,-.0002231,-.0010551,3.68e-06,.0000211,-1.14e-09,-6.68e-09
460,-.0013065,.0316317,8.70e-07,-.0007798,.000029,.0000314,-4.62e-09,-8.83e-09
461,.0072036,.0326893,-.0002878,-.0008975,.0000139,.000031,-3.26e-09,-8.10e-09
462,.0028722,.0462085,-.0002391,-.001002,.0000307,.0000241,-3.28e-09,-8.14e-09
463,.0054707,-.0048711,-.0002322,.0000183,3.35e-06,9.03e-06,-2.17e-09,-4.17e-09
464,.0155643,.0078929,-.0004412,-.0004657,-2.63e-06,8.27e-06,-2.68e-09,-3.52e-09
465,.0094134,.0275187,-.0005425,-.0006048,-3.02e-06,.0000396,9.79e-10,-9.90e-09
466,.0119243,.0212778,-.0003224,-.0008333,-6.36e-06,.0000307,6.24e-10,-9.71e-09
467,.0031475,.0027196,.0000845,-.0002607,.0000403,.0000271,-1.13e-08,-1.19e-08
468,.0042107,.0178941,-.0001564,-.0006349,-.0000327,.000027,1.15e-08,-9.52e-09
469,.0048033,.0228855,-.0001481,-.0007302,.0000347,.0000234,-7.80e-09,-6.65e-09
470,.0091486,.0287338,-.0003547,-.0008961,-.0000109,.0000261,1.30e-09,-9.01e-09
471,.0051613,.041771,-.0002464,-.0009916,.0000108,.0000223,-2.95e-09,-6.09e-09
472,.0203317,.023112,-.0006777,-.0007595,.0000173,.0000247,-8.25e-09,-7.72e-09
473,.0087865,.0250768,-.0002178,-.0008139,-7.47e-06,.0000225,3.08e-09,-8.00e-09
474,.007884,.0312432,-.000397,-.0008349,-4.46e-06,.0000176,-8.85e-10,-5.39e-09
475,.008647,.0257103,-.0003633,-.0007574,-1.82e-06,.0000576,8.22e-10,-1.77e-08
476,.0143555,.0456721,-.0004567,-.0012457,.000013,.0000275,-3.52e-09,-9.60e-09
477,.0127739,.034479,-.0002437,-.0008994,.0000103,.0000412,-2.03e-09,-1.30e-08
478,.0075995,.0361023,-.0002279,-.0009837,8.06e-06,.0000133,-3.18e-09,-5.16e-09
479,.0088167,.0434583,-.0003107,-.001192,-6.26e-06,.0000171,-4.00e-10,-6.48e-09
480,.0125935,.0527713,-.0004624,-.0013642,-6.23e-07,.0000475,-4.15e-09,-1.12e-08
481,.0071252,.0458791,-.0003346,-.0011315,.000042,.0000424,-1.31e-08,-9.22e-09
482,.0102464,.0200292,-.0002716,-.0007063,.0000155,.0000175,-4.58e-09,-4.45e-09
483,.005534,.0189752,-.0000897,-.0005444,6.93e-06,.0000143,-1.45e-09,-4.78e-09
484,.0054968,.0172135,-.0001337,-.0006218,.0000193,.0000319,-4.49e-09,-8.71e-09
485,.0157738,.0271967,-.0004562,-.0009193,.0000159,6.85e-06,-4.74e-09,-2.44e-09
486,.0014065,.0175902,-.0001158,-.000489,.0000207,.0000495,-5.18e-09,-1.29e-08
487,.0090283,.008848,-.0001524,-.0003855,.0000265,.0000504,-8.89e-09,-1.38e-08
488,.0116927,.027615,-.0004674,-.0007577,-6.50e-06,4.97e-06,-9.69e-10,-3.30e-09
489,.0105401,.0777229,-.0002897,-.0018987,-.0000195,.0000302,1.32e-09,-8.66e-09
490,.004761,.0292352,-.0001066,-.0008595,.0000358,.0000191,-9.31e-09,-4.16e-09
491,.0072263,.0194115,-.0001819,-.0007043,6.87e-06,.0000326,-4.14e-09,-7.84e-09
492,.0027355,.0073801,-.0000499,-.0004469,2.29e-07,8.44e-06,1.97e-10,-1.49e-09
493,.006356,.0090384,-.0000639,-.0004302,.000016,.0000347,-7.00e-09,-6.78e-09
494,.0052981,.050901,-.0000587,-.0012441,-.000041,.0000153,1.32e-08,-3.36e-09
495,.0072366,.0377448,-.0002464,-.0008872,.0000324,.0000207,-8.40e-09,-5.69e-09
496,.0094077,-.0014341,-.0003363,-.0002834,1.79e-06,.0000214,-3.27e-09,-6.02e-09
497,.0101444,.0961297,-.0004341,-.0023194,-5.07e-07,.0000319,-1.84e-09,-1.04e-08
498,.0150112,.0462387,-.0004225,-.0011833,-.0000214,.0000346,5.38e-09,-1.00e-08
499,.0084945,.0292452,-.0002032,-.0009034,-1.78e-06,.0000372,1.42e-09,-1.21e-08
500,.0043798,.0005523,-.0000626,-.000222,7.94e-06,.0000274,-3.58e-10,-9.78e-09
501,.0082061,.0343357,-.0002208,-.0010659,.0000196,4.43e-06,-7.12e-09,-2.32e-09
502,.0113461,.0162343,-.0004152,-.0006258,.0000382,6.64e-06,-1.13e-08,-2.17e-09
503,.0039545,.0732913,-.000222,-.0015276,9.45e-07,.0000445,-1.39e-09,-1.30e-08
504,.006181,.0260894,-.0000808,-.0007504,2.11e-06,.0000172,-4.93e-09,-4.70e-09
505,.0071272,-.0255665,-.0004143,.0004301,.0000196,8.51e-06,-3.60e-09,-2.83e-09
506,.0112099,.0249348,-.0004292,-.0008615,.0000264,.0000172,-7.83e-09,-3.35e-09
507,.0154322,.0187334,-.0006152,-.0006189,8.98e-06,.0000141,-3.36e-09,-3.00e-09
508,.0099352,.0112566,-.0004507,-.0004468,.0000383,.0000331,-6.22e-09,-9.88e-09
509,.0084014,.0080287,-.0003166,-.0005097,9.86e-06,4.01e-06,-5.56e-09,-2.58e-09
510,.0107599,.0454527,-.0004412,-.0011905,.0000202,.0000512,-5.10e-09,-1.44e-08
511,.0036028,.0131173,-.0001907,-.0003033,8.47e-06,.0000296,-4.68e-10,-8.00e-09
512,.0105871,.0144904,-.000286,-.0005614,.0000105,.0000209,-4.84e-09,-5.52e-09
513,.0090004,.0274871,-.0004693,-.0008795,-.0000154,.0000418,-1.40e-09,-1.03e-08
514,.0098421,.0049726,-.0003224,-.000228,2.03e-06,.0000315,-1.29e-09,-7.34e-09
515,.0050245,.0033433,-.0003054,-.0003892,-.0000186,.0000364,4.37e-09,-8.66e-09
516,.0045256,.040046,-.0002703,-.0010107,.0000265,.0000345,-6.47e-09,-9.78e-09
517,.0083871,.0271859,-.0003701,-.0008625,.0000201,5.15e-06,-6.86e-09,-2.65e-09
518,.0122624,.053264,-.0004649,-.0012938,-5.39e-06,.000022,-6.36e-10,-6.40e-09
519,.0100752,.0234457,-.0003072,-.0007688,.0000137,.0000237,-3.03e-09,-7.23e-09
520,.0104226,.0389138,-.0004634,-.0010782,7.16e-06,7.39e-06,-3.50e-09,-6.40e-10
521,.0140853,.0740788,-.0004624,-.0018118,.00002,.0000246,-5.60e-09,-7.92e-09
522,.0153229,.0409231,-.0004711,-.001158,8.95e-07,.0000209,-4.39e-10,-8.06e-09
523,.0070838,.0346981,-.000128,-.0009683,.0000194,.0000119,-5.35e-09,-6.05e-09
524,.0003256,.1013079,-.0001485,-.0022578,7.80e-06,.0000422,-4.41e-09,-1.08e-08
525,.0059093,.0411126,-.0000658,-.001064,.0000186,.0000313,-3.41e-09,-1.04e-08
526,.0060977,.0247754,-.0001412,-.000797,.0000361,.0000192,-1.17e-08,-8.75e-09
527,.0120877,.0475519,-.0004118,-.0011231,-2.40e-06,.000023,1.27e-11,-6.28e-09
528,.0059941,.011314,-.0002224,-.0004504,2.77e-06,.0000298,-3.56e-09,-7.95e-09
529,.0087606,.0038481,-.0003512,-.0003167,-7.26e-06,.0000175,2.83e-09,-9.58e-09
530,.0057243,.0227588,-.000354,-.0007865,-6.65e-06,.0000328,1.63e-09,-1.14e-08
531,.0095191,.0501562,-.0002918,-.0012164,8.61e-06,.0000341,-8.22e-11,-1.22e-08
532,.0121016,-.0017266,-.0003051,-.0001789,-3.32e-07,.0000321,-2.03e-09,-9.10e-09
533,.0186801,.0295354,-.0006697,-.0009121,-1.19e-06,.0000363,6.77e-10,-1.32e-08
534,.0094321,.0457734,-.0003895,-.0011076,6.36e-06,.0000632,-2.74e-09,-1.54e-08
535,.0124502,.0045861,-.0004875,-.0003673,.0000125,.0000161,-4.39e-09,-2.69e-09
536,.0070693,.0099986,-.0002132,-.0004878,.0000202,.000048,-5.94e-09,-1.49e-08
537,.0132645,.0431223,-.0004705,-.0012614,.0000443,-8.12e-06,-7.11e-09,-5.36e-10
538,.0090849,.0279739,-.0003488,-.000896,.000041,-6.29e-06,-9.48e-09,1.40e-09
539,.0144923,.0624461,-.0003454,-.0015178,.0000176,.0000236,-8.63e-09,-5.68e-09
540,.004105,.0184939,-.0002501,-.0006058,.0000109,.0000164,-4.88e-09,-2.60e-09
541,.0037836,-.0069777,-.0002635,-.0000289,.0000146,.0000213,-2.58e-09,-5.57e-09
542,.0036423,.0033973,-.0000173,-.0001897,6.82e-06,.0000188,-2.58e-09,-7.05e-09
543,.0062108,.0586911,-.000216,-.0014437,4.64e-06,.0000386,-2.16e-09,-9.64e-09
544,.0069293,.011849,-.0002831,-.0004842,.0000258,.0000176,-8.53e-09,-5.88e-09
545,.0039817,.007575,-.0001511,-.0004896,6.63e-06,.0000253,-1.68e-10,-6.23e-09
546,.0075467,.0248236,-.0002528,-.0007406,-2.48e-06,.0000243,1.44e-10,-6.65e-09
547,.0093583,.0252803,-.0002699,-.0007911,-.0000108,.00003,-1.70e-09,-9.11e-09
548,.003535,.0308714,-.0001885,-.0009925,-.0000129,3.41e-06,1.16e-09,-5.46e-10
549,.0076387,.0002971,-.0005218,-.0002331,1.04e-06,.0000259,-1.41e-09,-4.76e-09
550,.0044697,.0139152,-.0002689,-.0005382,-9.09e-06,.0000427,-7.94e-10,-1.07e-08
551,.0061523,.0060371,-.0000781,-.0004637,.0000111,.0000266,-2.16e-09,-7.09e-09
552,.0058332,.0108464,-.0001867,-.0003396,-3.04e-06,.0000317,-9.20e-10,-9.15e-09
553,.0064429,.0132152,-.0002919,-.0005104,.0000133,.0000377,-3.75e-09,-1.38e-08
554,.0077448,.0185264,-.0002986,-.0007541,.0000217,.0000166,-4.03e-09,-5.29e-09
555,.0068071,-.0116354,-.0003957,-.0000751,-.0000135,.0000186,2.67e-10,-4.96e-09
556,.0073372,-.013811,-.0003111,.0000769,6.12e-06,.0000189,-2.96e-09,-5.62e-09
557,.0141684,.0391401,-.0004339,-.0011837,-7.68e-06,.000021,-1.91e-10,-1.05e-08
558,.0068552,.0114457,-.0001411,-.0004633,-1.14e-06,.0000387,4.64e-10,-1.12e-08
559,.009496,.0056815,-.0002442,-.0003872,-8.78e-06,.0000109,1.82e-10,-3.58e-09
560,.0079003,.0190182,-.0004019,-.0005318,.0000309,.0000275,-1.02e-08,-7.10e-09
561,.0182437,.0094495,-.0004564,-.0006092,-.0000207,.0000161,4.81e-09,-1.05e-08
562,.0012131,.0296636,-.0001449,-.0006805,2.92e-06,.0000306,4.53e-09,-7.42e-09
563,.0001009,-.002668,-.0000859,-.0001863,.0000233,.0000269,-8.54e-09,-6.06e-09
564,.0073691,.036913,-.0001902,-.0011129,.0000193,.0000238,-3.28e-09,-5.35e-09
565,.0154879,.0391355,-.0004003,-.001169,-4.04e-06,.000047,4.85e-11,-1.43e-08
566,.0111764,.0254933,-.0002648,-.0008041,.0000113,.000037,-3.28e-09,-1.05e-08
567,.0012831,.0175,.0000567,-.0005214,2.50e-06,.0000691,-2.19e-09,-1.84e-08
568,.0137783,.0422398,-.0003989,-.0009568,.00003,.0000238,-8.60e-09,-6.58e-09
569,.0055369,.0464922,-.0001798,-.0011788,1.37e-06,.0000329,-1.37e-09,-1.11e-08
570,.0112064,.0041733,-.000499,-.0002961,.0000152,.0000304,-1.75e-09,-7.53e-09
571,.0236335,.0234027,-.0008978,-.0008152,-.0000108,.0000248,-1.32e-09,-9.15e-09
572,.0075177,.002483,-.000306,-.0002967,.0000366,.0000158,-5.19e-09,-3.87e-09
573,.0119011,.0199716,-.0005337,-.0006324,9.41e-06,.0000247,-3.25e-09,-6.83e-09
574,.0079926,.0142464,-.0003184,-.0005096,-.0000295,.0000214,9.83e-09,-6.71e-09
575,.0087427,.0414388,-.0002955,-.0011348,-1.19e-06,.0000273,-2.64e-09,-9.82e-09
576,.0102714,.0374545,-.0005255,-.0009918,.0000232,.0000417,-8.81e-09,-1.19e-08
577,.0087678,.0139004,-.0001104,-.0005078,2.77e-06,.0000347,-3.74e-09,-1.04e-08
578,.0118147,.0334315,-.0004668,-.0008609,.0000153,.0000468,-3.49e-09,-1.47e-08
579,.013801,.0247249,-.0005898,-.0009328,-9.55e-06,.0000215,3.09e-10,-5.90e-09
580,.007226,.0077993,-.0002201,-.0005358,-3.12e-06,.0000175,2.40e-09,-6.21e-09
581,.0006348,.0167685,.0000661,-.0005327,4.21e-06,4.04e-06,-7.92e-10,-1.45e-09
582,.0075433,.0159268,-.0002551,-.0006206,-.0000121,.0000218,3.08e-09,-6.00e-09
583,.0144081,.0289048,-.0005098,-.0008324,5.92e-06,.0000491,-2.34e-09,-1.30e-08
584,.0105265,.0417021,-.0004992,-.0011719,.0000119,-3.57e-06,3.00e-09,4.16e-11
585,.0108671,.021971,-.0003308,-.0007138,4.44e-06,.0000337,-3.12e-09,-9.30e-09
586,-.0004032,.0318944,-.0001683,-.0008156,-2.46e-06,7.72e-06,2.82e-09,-3.44e-09
587,.0064002,.0612349,-.0002474,-.0017387,-6.06e-06,.0000236,-1.65e-09,-5.43e-09
588,.0107901,.0601181,-.0003481,-.0015059,9.79e-06,9.58e-06,-4.32e-09,-3.95e-09
589,.0079071,.0086582,-.0003057,-.0003403,2.82e-06,.0000196,-3.88e-10,-5.21e-09
590,.003811,.0597904,-.0000472,-.0015164,.0000146,.0000131,-4.47e-09,-3.44e-09
591,.0171996,.0080914,-.0005661,-.0005405,3.63e-06,4.90e-06,-5.33e-09,-4.26e-09
592,.0121452,-.0086047,-.0002996,-.0000578,-.0000132,.0000336,1.46e-10,-9.73e-09
593,.0081247,.0073154,-.0003079,-.0002857,-2.46e-06,.0000501,-1.25e-09,-1.46e-08
594,.006381,.0332936,-.00028,-.0010106,.000039,.0000339,-4.47e-09,-5.94e-09
595,.0160737,.0236535,-.0005944,-.0008522,6.75e-06,.0000331,-4.47e-09,-9.73e-09
596,.0124984,.0452542,-.000408,-.0012566,-.0000111,.0000154,-2.32e-10,-6.96e-09
597,.0086592,.0421248,-.000434,-.0011271,-7.18e-06,.0000177,-5.40e-10,-5.46e-09
598,.0202123,.0254089,-.0008344,-.0008136,4.03e-06,.0000281,1.05e-09,-9.42e-09
599,.0131659,.0316245,-.0004324,-.0008569,.0000172,.0000385,-2.53e-09,-9.30e-09
600,.0096966,.0620917,-.0003804,-.0015812,-9.08e-06,.0000155,1.14e-09,-2.58e-09
601,.000108,.0136352,.000097,-.0004904,-.0000272,.0000294,8.61e-09,-8.43e-09
602,.00662,.052354,-.0002631,-.0013178,.0000205,.0000206,-4.75e-09,-4.85e-09
603,.0105499,.0104163,-.0003016,-.0005819,6.64e-06,.0000293,-2.40e-09,-5.83e-09
604,.0050088,.0217274,-.0001261,-.0007346,.0000196,.0000418,-6.08e-09,-1.05e-08
605,.0159018,.0286832,-.0006896,-.0008055,6.55e-06,.000019,-2.85e-09,-3.24e-09
606,.0040149,.0152941,-.000145,-.0004972,.0000144,.000016,-4.36e-09,-4.05e-09
607,.0098337,.0014106,-.0003312,-.0005007,-1.42e-06,1.97e-06,-1.03e-10,-1.20e-09
608,.0058572,.0148723,-.0000879,-.0006097,.0000158,.0000312,-3.00e-09,-9.38e-09
609,.0092308,.0532161,-.0003684,-.0013411,7.33e-07,.000031,-7.60e-10,-7.48e-09
610,.0102292,.0450546,-.0004962,-.0013367,.0000188,.0000131,-7.03e-09,-4.24e-09
611,.0127905,.033243,-.0004919,-.0010158,.0000342,.0000276,-8.51e-09,-6.41e-09
612,.0039559,.0411577,-.0001578,-.0010986,-3.69e-06,9.46e-06,2.14e-09,-4.47e-09
613,.0034608,.0274459,-.000168,-.0008453,.0000152,.0000154,-3.72e-09,-2.87e-09
614,.0166822,.0358739,-.0006778,-.001123,-5.48e-06,.0000191,-2.00e-10,-4.03e-09
615,.0017603,.0181424,-.0001005,-.0005104,8.98e-06,.0000308,-9.02e-10,-8.17e-09
616,.0043014,.0199658,-.0002668,-.0005607,.0000101,.0000234,-2.16e-09,-6.66e-09
617,.0107699,.0142051,-.0002437,-.0004882,-3.24e-06,.0000266,4.13e-10,-7.40e-09
618,.0071384,.0142651,-.0003399,-.0005322,-7.04e-06,.0000208,2.90e-10,-7.69e-09
619,.0123768,-.000414,-.0002848,-.0002287,.0000107,.0000259,-2.77e-09,-7.82e-09
620,.0110814,.0111746,-.0005127,-.0005443,-1.45e-06,.0000246,-1.85e-09,-8.37e-09
621,.0122507,.0087102,-.0004787,-.0006376,.0000193,9.32e-06,-7.75e-09,-8.24e-09
622,.0102902,.0340597,-.000476,-.0008261,.0000185,.0000168,-6.15e-09,-6.50e-09
623,.007976,.0146029,-.0002186,-.0005425,1.60e-06,.0000169,-2.21e-09,-7.00e-09
624,.0180305,.0250584,-.000727,-.00086,.0000157,.0000251,-5.95e-09,-6.83e-09
625,.0121316,.0807381,-.0003989,-.0020302,.0000262,.0000374,-9.78e-09,-9.99e-09
626,.0061818,.0635729,-.0001903,-.0015294,.0000191,.0000136,-6.53e-09,-5.42e-09
627,.0047914,.0322261,-.0001201,-.000962,.0000179,.0000156,-1.31e-09,-5.37e-09
628,.0074681,.0260005,-.0003034,-.0008218,-9.85e-07,-5.96e-06,1.51e-10,4.16e-11
629,.0029616,.0118239,-.0001554,-.0005696,5.83e-07,.0000488,-2.47e-09,-8.33e-09
630,.0052568,.0110283,-.0001605,-.0004448,5.88e-06,.0000412,-2.85e-09,-1.22e-08
631,.0049721,.0370775,-.0001166,-.0010186,3.73e-06,.00004,1.34e-09,-1.21e-08
632,.0154251,.0606441,-.0005687,-.0015353,8.32e-06,.0000492,-2.65e-09,-1.20e-08
633,.0090402,.0175208,-.0002486,-.0007231,-6.48e-06,.0000302,-5.94e-10,-7.75e-09
634,.0070976,.0508024,-.0002029,-.0013454,-8.20e-06,5.78e-06,9.51e-10,-2.59e-10
635,.0141915,.0342446,-.000477,-.0009296,-4.44e-06,.0000294,-3.18e-09,-6.03e-09
636,.0012244,.0326655,-.0000322,-.0009178,-7.13e-06,6.22e-06,1.35e-09,-2.12e-09
637,.0133151,.0326283,-.0005714,-.0009411,.00002,.0000225,-8.09e-09,-4.81e-09
638,.0243112,.0211927,-.0009337,-.0010193,-.0000179,-5.24e-07,-1.10e-09,3.06e-10
639,.0048122,.0987379,-.0002095,-.0022383,.0000173,.0000577,-5.39e-09,-1.64e-08
640,.0065346,.0198169,-.0003428,-.0006347,-5.84e-06,.0000377,-7.31e-10,-1.09e-08
641,.0148578,.0208624,-.0005158,-.0007509,-4.51e-06,.0000152,3.48e-09,-6.45e-09
642,.0145976,-.0006499,-.0003047,-.0003704,.000023,.0000454,-4.64e-09,-1.28e-08
643,.0087983,.0240052,-.0003694,-.0006744,.0000164,.0000508,-5.64e-09,-1.42e-08
644,.0076588,-.0061999,-.000151,-.0001632,-.0000163,.0000301,3.72e-09,-7.85e-09
645,.0127406,.0197162,-.0007521,-.0006422,.0000148,.000021,-8.31e-09,-4.24e-09
646,-.0003944,.0235796,-1.67e-06,-.000713,.0000396,.0000156,-8.57e-09,-4.08e-09
647,.0137949,.0093414,-.0007101,-.0004499,-5.25e-06,2.10e-06,-6.68e-09,-1.86e-09
648,.0192635,.054349,-.0005881,-.0014928,.0000179,.0000377,-4.85e-09,-9.70e-09
649,.0044875,.0307889,-.0002218,-.0008263,-6.11e-06,.0000289,1.40e-09,-7.64e-09
650,.0088473,.0079312,-.0003829,-.0004585,.0000211,.0000239,-3.52e-09,-7.26e-09
651,.0042638,.0298023,-.0000217,-.0007601,9.17e-06,.0000108,-2.59e-09,-4.11e-09
652,.0098313,.0101361,-.0003283,-.0006065,4.82e-06,.0000186,-2.86e-09,-4.47e-09
653,.0093284,.0383037,-.0001735,-.0011416,.000021,.0000254,-4.00e-09,-8.43e-09
654,.0135364,.0118538,-.0004574,-.0004745,.0000142,.0000229,-4.81e-09,-5.79e-09
655,.0094107,.0166619,-.0003315,-.0005832,8.57e-06,.0000502,-3.27e-09,-1.60e-08
656,.0108359,.0427447,-.0004103,-.0011208,-.0000202,.0000451,4.58e-09,-1.33e-08
657,.019894,.0018555,-.0005795,-.0002876,-5.49e-06,.0000127,2.66e-09,-4.62e-09
658,.0067064,.0248774,-.0002289,-.0008469,.0000105,.0000243,-1.94e-09,-7.65e-09
659,.006703,-.0102689,-.0003862,.0000774,.000011,.0000231,-3.74e-09,-8.49e-09
660,.0042386,.0264501,-.0001751,-.0007911,3.69e-07,-2.04e-06,-1.78e-09,-1.53e-09
661,.016469,.0196638,-.0007161,-.000531,-.0000118,.0000271,2.00e-09,-5.55e-09
662,.0096756,.0416005,-.0001904,-.0010527,.0000225,.0000347,-6.71e-09,-1.07e-08
663,.0072913,.0202268,-.0001597,-.0007966,.0000206,6.75e-06,-4.04e-10,-2.51e-09
664,.0061182,.022435,-.0003021,-.0006349,.0000143,.0000193,-3.55e-09,-8.75e-09
665,.0090671,.0087889,-.0002904,-.0003759,.0000248,.0000485,-6.45e-09,-1.35e-08
666,.0087938,.0177273,-.0003476,-.0006437,.0000186,.0000361,-7.50e-09,-1.30e-08
667,.0077093,.0328332,-.0002329,-.0010093,.000015,3.50e-06,-2.93e-09,-2.05e-09
668,.0075803,.045456,-.0002811,-.0012725,6.76e-06,.0000345,-1.92e-09,-9.92e-09
669,.0090218,.0304166,-.0001299,-.0008477,-.0000118,6.60e-06,1.88e-09,-3.85e-09
670,.0078681,.0223247,-.0004085,-.000845,3.63e-06,.0000118,-2.74e-09,-2.33e-09
671,.016723,.0457526,-.0007061,-.0010799,-6.85e-06,.0000372,-1.79e-09,-9.28e-09
672,.0062849,.0592308,-.0001265,-.00159,-6.13e-06,.0000163,2.57e-10,-5.73e-09
673,.005059,.0611189,-.0001841,-.0014875,.0000125,.000033,-3.84e-09,-1.01e-08
674,.0074982,.0558931,-.0002532,-.0014306,.0000138,.0000297,-5.05e-09,-7.61e-09
675,.0101067,.0593533,-.0003199,-.0013902,-.0000116,7.17e-06,6.15e-10,-4.29e-09
676,.0064632,.0231932,-.0000508,-.0008142,4.28e-06,-7.22e-07,-1.01e-09,1.46e-09
677,.0145419,.0164913,-.0004188,-.0006901,.0000355,.0000149,-1.25e-08,-4.38e-09
678,.0022262,.0237606,-.0002545,-.0007771,.0000135,.0000331,-4.97e-09,-7.78e-09
679,.0053959,.0430751,-.0002445,-.0010274,.0000177,.0000264,-4.62e-09,-7.37e-09
680,.0048578,.0359262,-.0000554,-.000968,7.97e-06,.0000295,-2.35e-09,-1.01e-08
681,.0055962,.0294537,-.00021,-.0008565,-.000016,.0000205,1.19e-09,-4.22e-09
682,.0120392,.0321656,-.0004618,-.0009603,.0000176,.0000114,-6.81e-09,-4.43e-09
683,.0138345,.0139213,-.0004864,-.000661,-4.22e-06,.0000251,-1.32e-09,-6.79e-09
684,.0043817,.0378847,-.0000122,-.0010912,.0000321,.0000296,-9.62e-09,-8.64e-09
685,.0092217,.0258621,-.0002487,-.0007959,-7.76e-06,.00004,2.41e-10,-1.07e-08
686,.0061058,.0142616,-.0000835,-.0005365,-4.02e-06,.0000372,4.84e-09,-7.54e-09
687,.0113624,-.0268955,-.0004246,.0004074,-3.43e-06,.0000234,-3.90e-10,-8.49e-09
688,.0168455,.0347964,-.0004094,-.0009437,-.0000168,.0000475,1.61e-09,-1.51e-08
689,.0087306,.0337974,-.0002678,-.0010414,-6.82e-06,.0000229,-2.27e-09,-6.91e-09
690,-.0004373,.0353462,.0000243,-.000949,-3.61e-06,.000026,5.93e-10,-5.61e-09
691,.005535,.0399374,-.0000481,-.0010211,.0000198,.0000141,-6.55e-09,-3.93e-09
692,.0074764,.0275513,-.0002952,-.0008244,-.0000145,.0000221,-6.61e-12,-5.78e-09
693,.0068143,.0433378,-.0002579,-.0012936,-8.26e-06,.0000397,-3.52e-10,-1.02e-08
694,.008806,.0396286,-.0004357,-.0010773,.0000182,.0000278,-5.92e-09,-6.90e-09
695,.004948,.0126268,-.0000647,-.0004646,8.72e-06,.0000556,3.57e-09,-1.47e-08
696,.0180971,.048658,-.0006802,-.0012759,-1.59e-09,.0000419,-3.53e-09,-1.09e-08
697,.0114137,.0232712,-.0004505,-.0007615,-3.78e-06,7.71e-06,1.56e-09,-5.13e-09
698,.0151033,.0324236,-.0006003,-.0008527,.0000327,.0000262,-6.66e-09,-6.28e-09
699,.0110539,.0386168,-.0003783,-.0009847,3.45e-06,9.55e-07,-5.51e-09,-3.56e-09
700,.0049334,.0249321,-.0001431,-.0008214,-.0000107,.000013,2.27e-09,-3.06e-09
701,.0098317,.0071425,-.0006756,-.0004556,9.41e-06,.0000193,-5.87e-09,-5.67e-09
702,.0049298,.0632508,-.0000834,-.0015003,.000016,.0000388,-3.56e-09,-1.13e-08
703,.0155603,-.0076296,-.0004069,9.21e-06,-.0000113,.0000247,1.31e-09,-7.36e-09
704,.0064115,.036227,-.0002539,-.0009717,.000015,.0000252,-4.68e-09,-6.80e-09
705,.0123308,.0720128,-.0005664,-.0017531,-1.67e-06,.0000204,-2.93e-09,-5.03e-09
706,.0050587,.0365193,-.0000755,-.0010491,2.85e-06,.0000362,-6.75e-10,-1.08e-08
707,.0183573,.0373995,-.0008368,-.0008524,.0000421,.0000478,-1.35e-08,-1.20e-08
708,.008664,.0143351,-.0001686,-.000497,-.0000247,.0000416,5.47e-09,-9.55e-09
709,.003342,.0420022,-.0000531,-.0009759,.0000236,.0000305,-9.09e-09,-9.02e-09
710,.0176825,.0342842,-.0006286,-.0009338,.0000334,.0000243,-7.77e-09,-9.15e-09
711,.0178298,.0094392,-.0008024,-.0004208,1.04e-07,.0000371,-3.09e-09,-9.31e-09
712,.0077454,.0365816,-.0001618,-.0009975,2.17e-06,.000038,-1.72e-09,-9.86e-09
713,.0055475,.0092504,-.0001719,-.0003762,-.0000149,.0000426,4.76e-09,-1.23e-08
714,.0087872,.0279011,-.0003867,-.0007613,.0000115,.000047,-4.53e-09,-1.53e-08
715,.0062178,.0272532,-.0000546,-.000754,5.79e-06,.0000273,-6.63e-10,-6.08e-09
716,.0068183,.0172244,-.000289,-.0005757,-5.57e-06,.0000152,-2.75e-10,-4.37e-09
717,.0145817,.0426235,-.0006297,-.001093,7.28e-06,.0000201,-1.22e-09,-7.04e-09
718,.008716,.0274113,-.0001624,-.0007953,-4.72e-06,.0000311,2.20e-09,-1.02e-08
719,.007754,.0292562,-.0002243,-.0008438,-.0000109,.0000145,3.44e-09,-4.59e-09
720,.0168865,.029391,-.0005632,-.0009794,.0000148,4.43e-06,-2.84e-09,-5.64e-09
721,.0136119,.0423642,-.0004162,-.0008802,.0000111,.0000483,-4.36e-09,-1.38e-08
722,.009219,.0199026,-.0002415,-.0007058,-.0000117,.0000247,2.95e-09,-7.76e-09
723,.003557,.0398908,-4.68e-06,-.0010465,2.89e-06,.0000314,-1.75e-09,-9.14e-09
724,.0107538,.0503063,-.0004333,-.0013607,3.53e-06,.000043,-2.53e-09,-1.33e-08
725,.0068804,.0210218,-.0000778,-.0005864,-2.64e-06,.0000522,1.17e-09,-1.52e-08
726,.0058995,.0159674,-.0002782,-.0006549,.0000209,.0000247,-7.67e-09,-7.43e-09
727,.0091467,.0098135,-.0003091,-.0005683,-.0000185,.000026,5.12e-09,-1.14e-08
728,.0054396,.0185468,-.0002153,-.0008612,-4.51e-06,.0000216,-2.99e-10,-1.00e-08
729,.0083457,.0428294,-.0003278,-.0011054,-5.29e-06,.00004,-5.68e-10,-1.16e-08
730,.004251,.0107734,-.0001338,-.0004699,.0000211,.0000303,-8.12e-09,-8.45e-09
731,.0058971,.0324851,-.0003862,-.0008221,.0000187,.0000166,-8.31e-09,-6.74e-09
732,.0127465,.0823746,-.0004738,-.0018181,.0000113,.0000311,-3.45e-09,-1.10e-08
733,.0056226,.0040474,-.000188,-.0003259,6.18e-06,.0000257,-3.87e-09,-7.64e-09
734,.0056857,-.0043498,-.0003615,-.0001206,.0000214,.0000339,-5.70e-09,-9.01e-09
735,.0070895,.0015312,-.0002738,-.0004532,.0000269,.0000355,-6.57e-09,-9.44e-09
736,.0044787,.0180558,-.0002939,-.0005884,-.0000113,.0000388,1.20e-09,-1.05e-08
737,.0076022,.0411076,-.0002397,-.0012072,.0000213,.0000184,-5.23e-09,-4.58e-09
738,.0089969,-.0059892,-.0002071,-.0001526,-9.94e-06,.0000196,1.66e-09,-7.24e-09
739,.0058332,.0219391,-.0001018,-.0006983,7.06e-06,.0000241,-2.39e-09,-7.94e-09
740,.015099,.0382928,-.0004969,-.0009582,9.56e-06,.0000274,-3.63e-09,-5.79e-09
741,.0033452,.0001051,-.000172,-.0002892,3.44e-06,.000013,-3.25e-09,-2.75e-09
742,.0099487,.0143185,-.0003859,-.000428,.000019,.0000226,-7.01e-09,-7.32e-09
743,.00823,.0197493,-.0003237,-.0006609,.0000214,.000027,-6.63e-09,-8.84e-09
744,.0096998,.0204328,-.0005905,-.0006602,1.65e-07,.0000158,-1.51e-09,-6.08e-09
745,.0143111,.0206113,-.0006048,-.0007926,.0000166,.0000205,-3.99e-09,-6.56e-09
746,.0060394,.0173965,-.0003665,-.0006371,.0000135,.0000219,-6.87e-09,-9.02e-09
747,.008154,.005825,-.0003438,-.0004552,.0000257,.0000508,-7.96e-09,-1.69e-08
748,.00993,.0139135,-.0003818,-.0005167,.0000103,4.68e-06,-5.21e-10,-3.49e-09
749,.0068524,.0028252,-.000308,-.0003936,.0000227,.0000201,-3.77e-09,-4.79e-09
750,.0139598,.0486699,-.0004348,-.0012497,-.0000128,.0000534,4.74e-09,-1.56e-08
751,.0089247,.0436308,-.000429,-.001079,7.73e-06,.0000111,-2.58e-09,-3.70e-09
752,.0104259,.018218,-.0003755,-.0004616,.0000198,.000019,-5.65e-09,-7.48e-09
753,.012965,.0419495,-.0004971,-.0011874,-.0000217,.0000165,4.04e-09,-4.41e-09
754,.0080432,.0682055,-.000339,-.0017463,-3.35e-06,.0000168,9.95e-10,-6.71e-09
755,.0048613,.0503379,-.0000987,-.0011859,1.41e-06,.0000439,1.87e-10,-1.25e-08
756,.0135819,-.0038916,-.000401,-.0001548,.0000193,8.25e-07,-5.66e-09,-1.03e-09
757,.0019999,.0261362,.0000598,-.0007757,-.0000104,.0000208,1.48e-09,-5.20e-09
758,.0082794,.0512985,-.0004079,-.0013187,7.89e-06,.0000215,-5.26e-09,-5.47e-09
759,.0063061,.0050731,-.0000774,-.0003207,.0000103,.0000249,-1.85e-09,-7.02e-09
760,.0019317,.0420605,-.0001188,-.0011979,9.37e-06,.0000401,-3.09e-09,-9.58e-09
761,.0099578,-.0250441,-.0003899,.0002227,.0000111,.0000239,-4.00e-09,-6.84e-09
762,.0054544,.0525056,-.0001157,-.0012829,-.0000119,.0000404,2.02e-09,-1.07e-08
763,.0188529,.0677083,-.0006908,-.0017378,-7.20e-06,.0000182,2.98e-09,-5.31e-09
764,.0016328,.0703005,-.0000306,-.0016346,-5.55e-06,.0000116,-1.34e-10,-4.18e-09
765,.0046649,-.010132,-.0001311,-.0001082,-9.77e-06,1.61e-06,-5.79e-10,9.89e-10
766,.0091505,.0503042,-.000294,-.0013099,.0000305,.0000445,-7.36e-09,-1.46e-08
767,.0075328,.0244871,-.0000719,-.0007931,.0000159,.0000267,-4.57e-09,-3.79e-09
768,.0115289,.0129044,-.0005441,-.0005485,.0000126,.0000159,-4.61e-09,-3.56e-09
769,.0135046,.0103234,-.0003668,-.00051,4.96e-06,.0000156,-3.29e-09,-5.40e-09
770,.0086291,.0150274,-.0002321,-.0004145,-4.26e-06,.00002,-2.80e-09,-9.42e-09
771,.0109607,.0063983,-.0003494,-.0003836,8.85e-06,.000021,-5.87e-09,-8.38e-09
772,.0022944,.0145627,-.0001578,-.0004319,9.29e-06,.0000225,4.98e-10,-5.75e-09
773,.0017974,.0071642,-.0000619,-.0004077,.000027,.0000306,-5.02e-09,-7.15e-09
774,.0173886,.0252106,-.0006823,-.0005782,-2.99e-06,6.13e-06,-3.91e-10,-3.06e-09
775,.0060508,-.004227,-.0001995,-.0000821,.0000187,.0000191,-6.47e-09,-6.50e-09
776,.0087454,.0585851,-.0003405,-.0014155,.0000251,.0000329,-4.39e-09,-1.06e-08
777,.0155277,.0581735,-.0003728,-.0014977,.0000218,.0000164,-1.12e-08,-5.92e-09
778,.0058842,.0094374,-.0002441,-.000563,.0000295,.0000464,-1.02e-08,-1.29e-08
779,.0014439,.0054927,-.0000281,-.0002517,.0000245,.0000205,-7.83e-09,-6.94e-09
780,.0115277,.0297582,-.0005006,-.0008116,.0000111,.0000282,-1.74e-09,-9.91e-09
781,.0059534,.0191402,-.0002099,-.0005172,-.000018,.0000376,1.98e-09,-1.04e-08
782,.0061708,.0163264,-.000119,-.0006209,2.51e-06,.00002,-2.68e-09,-5.96e-09
783,.0094454,.042719,-.0004602,-.0011232,.0000297,.0000353,-6.21e-09,-8.76e-09
784,.0087503,.0462203,-.0003911,-.0012585,.0000177,.0000519,-5.53e-09,-1.40e-08
785,.0107398,.0261469,-.0002819,-.0006385,7.73e-06,.0000311,-6.80e-10,-7.01e-09
786,.0038455,.0201199,-.0000692,-.0006857,.0000316,.0000316,-9.02e-09,-8.72e-09
787,.011115,.0265628,-.0003253,-.0008688,5.48e-06,.0000398,-3.68e-09,-9.84e-09
788,.0056966,.0265507,-.0001651,-.0006592,.0000226,.0000167,-7.87e-09,-5.45e-09
789,.0035423,.0352026,-.0001075,-.0009353,2.26e-06,.0000356,-3.48e-09,-9.71e-09
790,.0072605,.0404567,-.0003021,-.0011126,.0000118,.0000278,-7.97e-09,-1.07e-08
791,.0141061,.0303036,-.0004956,-.0010174,.0000155,.0000321,-3.77e-09,-7.50e-09
792,.0087186,.0237636,-.0002118,-.0004768,-.0000122,.0000237,4.64e-09,-8.50e-09
793,.0096491,.004646,-.0003681,-.0005623,-.0000164,.0000293,6.69e-09,-7.71e-09
794,.0128005,.0195493,-.000579,-.00074,-5.51e-06,.000024,4.43e-10,-7.00e-09
795,.0086155,.0087251,-.0003086,-.0004578,.000012,.000039,-8.70e-10,-1.10e-08
796,-.0001636,.0194009,.0001805,-.0004579,.0000205,.0000224,-4.57e-09,-7.10e-09
797,.0078269,.0017404,-.0002392,-.0002486,.0000165,.0000253,-2.94e-09,-7.52e-09
798,.0096599,.0214473,-.0004324,-.0006999,7.02e-06,.0000195,-2.69e-09,-5.03e-09
799,.0058959,.025848,-.000406,-.0007494,.000022,.0000313,-3.23e-09,-7.43e-09
800,.0054392,.0316181,-.0004089,-.000897,7.07e-07,.0000434,-9.92e-10,-1.27e-08
801,.0106392,.0094705,-.0003759,-.0002928,-9.65e-06,.0000245,8.16e-10,-7.48e-09
802,.0156359,.0384145,-.0005781,-.0009793,.0000234,.0000315,-6.03e-09,-7.84e-09
803,-.0032253,.0153725,.0002113,-.0002986,-8.35e-07,.0000501,1.23e-09,-1.21e-08
804,.0167316,.0041056,-.0004203,-.0003251,.0000109,.0000457,2.17e-09,-1.18e-08
805,.0118856,.0143148,-.0003622,-.0005004,3.76e-06,.0000466,-4.29e-10,-1.15e-08
806,.0098808,.036475,-.0005047,-.0009989,-4.78e-06,4.65e-06,2.44e-10,-2.42e-09
807,.0127838,.06265,-.0005294,-.0014487,-7.57e-06,.0000235,-2.70e-10,-5.13e-09
808,.0054982,.0152871,-.0000667,-.0004193,.000041,.0000203,-1.21e-08,-6.66e-09
809,.0092168,.0121626,-.0003482,-.0004805,-7.23e-06,7.06e-06,-4.29e-10,-2.22e-09
810,.0073982,.0269304,-.0004097,-.0008618,5.57e-06,.0000355,6.80e-10,-1.20e-08
811,.0072536,.0232987,-.0002289,-.0006966,-.0000293,.0000278,1.06e-08,-7.29e-09
812,.0072309,.0071809,-.0004159,-.0003311,.0000348,.0000261,-1.20e-08,-8.66e-09
813,.0069216,-.0126621,-.0003805,.0000757,.0000204,.0000363,-6.12e-09,-9.34e-09
814,.0131013,-.0131995,-.000341,-.0000934,.000011,.000028,-5.56e-10,-9.10e-09
815,-.0005835,.0333983,-.0000197,-.000921,5.25e-06,.0000152,9.85e-11,-3.66e-09
816,.0147115,.0369312,-.0004681,-.0009941,.0000245,.0000404,-4.83e-09,-1.28e-08
817,.0110551,.0795974,-.0005865,-.0018634,8.12e-08,.0000376,-1.90e-09,-1.08e-08
818,.0058622,.0189489,-.0000502,-.0007958,7.43e-06,.0000304,-1.55e-10,-6.88e-09
819,.0066531,.0145581,-.0001869,-.0007005,.0000219,.0000219,-5.34e-09,-6.91e-09
820,.0065678,.0076991,-.0002765,-.0004193,.0000561,6.87e-06,-1.48e-08,-4.54e-09
821,.0081505,.0124691,-.0002055,-.0004223,2.16e-06,.0000286,4.66e-10,-8.33e-09
822,.0045852,.0356968,-.0001989,-.0009671,5.48e-06,.000042,-3.35e-09,-9.26e-09
823,.0081778,.0186744,-.0003648,-.0006354,.0000265,7.78e-06,-8.21e-09,-4.04e-09
824,.017599,.0238502,-.0006292,-.000627,-.0000213,.0000567,-5.24e-10,-1.55e-08
825,.0052848,.031393,-.0001143,-.0007426,-7.34e-06,.0000349,1.88e-09,-1.24e-08
826,.0152579,.0216443,-.0004924,-.0008369,-.000023,.0000333,6.24e-09,-9.19e-09
827,.0124884,.0172523,-.0005095,-.000589,-7.62e-06,-1.63e-06,2.03e-09,-8.26e-11
828,.0104289,.0273646,-.0002623,-.0008864,.0000403,.0000337,-1.23e-08,-1.03e-08
829,.0193182,.0497254,-.0006736,-.0012646,.00001,.0000192,-3.72e-09,-7.32e-09
830,.0138425,.0080689,-.0005735,-.0005289,.0000122,.0000156,-4.58e-09,-6.05e-09
831,.0050245,.0169729,-.000244,-.0004805,.0000262,.0000305,-2.02e-09,-7.32e-09
832,.0143417,.0673354,-.0006636,-.0016511,.000014,.0000228,-7.49e-09,-7.55e-09
833,.0128815,.0043148,-.0004648,-.0004006,3.42e-06,.0000333,-3.29e-09,-8.64e-09
834,.0083288,.0267796,-.0003201,-.000772,1.73e-06,.0000321,1.61e-09,-1.03e-08
835,.0158691,.0150227,-.0006404,-.0006004,.0000181,.0000324,-8.14e-09,-6.99e-09
836,.0161156,-.0052642,-.0003412,-.0001291,-.0000117,.0000273,-3.48e-10,-7.19e-09
837,.0158862,.0146634,-.0006923,-.0006723,4.18e-06,.0000351,-3.90e-09,-8.61e-09
838,.016755,.0877319,-.0005742,-.0021709,-9.04e-06,-6.22e-06,-2.30e-09,2.26e-09
839,.0071371,-.0212699,-.0002231,.0002616,4.02e-07,.0000171,1.34e-09,-4.03e-09
840,.0070329,.0109916,-.0002244,-.0005911,8.22e-06,.0000509,-4.01e-09,-1.09e-08
841,-.000714,.0069368,.0001287,-.0003336,7.79e-06,.0000414,-5.06e-09,-1.07e-08
842,.0042447,.043075,-.0000976,-.0010541,-.0000164,.0000115,1.11e-09,-3.94e-09
843,.0042244,.0136813,-.0001353,-.0005308,-9.26e-07,.0000236,-1.80e-09,-6.10e-09
844,.014368,.043371,-.0005581,-.0011243,.0000103,.0000452,-2.39e-09,-1.08e-08
845,.014342,.0185472,-.0004956,-.000653,-1.47e-07,.0000219,2.86e-10,-6.47e-09
846,.0063927,.0462252,-.0002048,-.0013497,.0000265,.0000104,-9.70e-09,-4.40e-09
847,.0159714,.0694836,-.0005271,-.0016456,-8.62e-06,.0000472,-2.40e-09,-1.48e-08
848,.0074658,.0455155,-.0001836,-.0012427,3.39e-06,.0000361,-9.93e-10,-1.01e-08
849,.0072412,.0397118,-.0002322,-.00107,.0000123,.000036,-6.84e-10,-8.83e-09
850,.0084078,.0339702,-.00023,-.0009583,7.10e-06,6.58e-06,9.41e-10,-3.90e-09
851,.0078774,.0114585,-.0002209,-.000536,7.50e-06,3.52e-06,-2.30e-09,-2.34e-09
852,.0130633,.0401554,-.0003891,-.0011616,7.71e-06,.0000198,-4.11e-09,-6.33e-09
853,.0066964,.0178228,-.0003266,-.0004712,2.33e-06,.0000325,-5.71e-09,-1.14e-08
854,.0021013,.0256357,.0000241,-.0006959,.000025,.000059,-4.05e-09,-1.65e-08
855,.0060014,.0416898,-.0001567,-.0009323,.0000287,.0000307,-3.28e-09,-7.43e-09
856,.0054659,.028433,-.0000856,-.0008827,.0000266,8.87e-06,-9.51e-09,-4.02e-09
857,.0080773,.0434599,-.0002506,-.0012283,.0000124,.000037,-3.37e-09,-9.02e-09
858,.0078663,.023861,-.0002345,-.0006701,1.60e-06,.0000106,-2.01e-09,-2.96e-09
859,.0073588,.04351,-.0002504,-.0011705,.000042,.0000303,-1.19e-08,-7.71e-09
860,.0086384,-.0033402,-.0002823,-.0001697,-.0000192,-1.12e-06,7.08e-11,-5.49e-11
861,.0055315,.0328978,-.0002077,-.0009389,-.0000157,.0000201,4.69e-09,-8.74e-09
862,.0076488,.0321063,-.0002603,-.0009662,.00002,.00003,-5.85e-09,-6.76e-09
863,.0063946,.025952,-.0001975,-.0007371,.0000103,.0000307,-1.90e-09,-1.20e-08
864,.0055335,.0184578,-.0001138,-.0006212,.0000218,.0000283,-5.46e-09,-8.79e-09
865,.01158,.0341813,-.0003339,-.0011038,.0000258,.0000404,-8.71e-09,-1.03e-08
866,.00325,.0185891,-.0001673,-.0008027,.0000134,.0000315,-4.90e-09,-9.25e-09
867,.0121515,.0210636,-.0004684,-.0006794,-5.91e-06,.0000282,-9.77e-10,-6.86e-09
868,.0135985,.0116461,-.0003032,-.0005494,.0000113,.0000339,2.39e-10,-8.73e-09
869,.0063631,.0295931,-.0001311,-.0009288,-9.98e-06,.0000218,4.11e-09,-7.86e-09
870,.006133,.0433976,-.0001302,-.0010939,.0000138,.0000267,-7.69e-09,-8.79e-09
871,.0093518,.0065398,-.0004186,-.00027,5.29e-06,.0000394,-2.58e-09,-1.08e-08
872,.0215595,.0186639,-.000806,-.0007535,-4.47e-06,.0000185,9.93e-10,-5.60e-09
873,.0106523,.0690992,-.0004408,-.0017589,-.0000105,.00004,3.70e-09,-8.69e-09
874,.0142107,.0444838,-.0006624,-.0012244,-2.59e-06,1.40e-06,-2.09e-09,-2.17e-09
875,.0065675,.0256295,-.0002179,-.0008397,8.92e-07,.0000339,1.15e-09,-1.02e-08
876,.0120007,.0506834,-.000591,-.0013648,-5.75e-06,.0000383,2.79e-09,-1.01e-08
877,.0097056,.0444673,-.0003967,-.001305,7.75e-07,.0000408,-1.97e-09,-1.04e-08
878,.0107605,.0491466,-.0005464,-.0011727,1.51e-06,.0000392,-1.58e-09,-1.01e-08
879,.0089753,.0097544,-.0002061,-.0004135,-7.36e-06,.0000333,-2.48e-09,-9.99e-09
880,.0114218,.03464,-.0004911,-.0010187,8.06e-06,.0000464,-3.17e-09,-1.07e-08
881,.0131305,.0314754,-.0005006,-.0008084,-.0000118,.0000349,-1.58e-10,-1.03e-08
882,.0071142,.0251318,-.0002639,-.0007046,7.74e-06,.000031,-1.41e-09,-9.60e-09
883,.0066069,.02306,-.0000725,-.0007567,8.17e-07,.0000334,1.40e-09,-8.61e-09
884,.0034352,.0347865,-.000144,-.0009376,1.27e-06,.0000275,2.39e-10,-7.36e-09
885,.0094697,.0193791,-.0001863,-.000709,-2.62e-06,.0000318,2.34e-10,-8.41e-09
886,.006782,.0444326,-.0003222,-.0010543,2.29e-06,.0000249,-1.69e-09,-7.37e-09
887,.007441,.0315519,-.0001432,-.0007541,-.0000125,.0000333,2.88e-09,-8.96e-09
888,.0256321,.0494611,-.0006489,-.0014089,-3.98e-06,.0000189,-1.56e-09,-7.41e-09
889,.0096675,.0273978,-.0002831,-.0006291,-.000016,.0000504,1.18e-09,-1.31e-08
890,.0091094,.0250661,-.0002887,-.0008124,-8.47e-06,.0000251,-8.90e-10,-6.68e-09
891,.0115881,.0210852,-.0004117,-.0007592,-5.15e-06,8.00e-06,-1.07e-09,-3.87e-09
892,.0079943,.0219976,-.0001831,-.0007701,-8.08e-06,.0000528,1.39e-09,-1.19e-08
893,.0021243,.0222396,-.0001081,-.0005773,.0000136,.0000245,-1.53e-09,-9.21e-09
894,.0067676,-.0287859,-.0003288,.000347,7.11e-06,.0000162,-2.94e-09,-5.64e-09
895,.0131927,-.0007021,-.0005502,-.0003363,-1.60e-06,.0000183,-2.39e-09,-3.58e-09
896,.0083462,.0010181,-.0002357,-.0001871,8.31e-06,.0000246,-1.70e-09,-4.69e-09
897,.0107612,.028591,-.0005534,-.0009139,-7.37e-07,.0000173,5.31e-09,-5.85e-09
898,.0122402,.0306823,-.0004812,-.0008262,.0000145,.00002,-5.49e-09,-5.47e-09
899,.0214096,.0047637,-.0008444,-.0003394,-6.77e-06,.0000205,-4.50e-10,-6.31e-09
900,.0123547,.0374742,-.0003847,-.0010433,-1.59e-06,.0000322,-3.36e-10,-9.17e-09
901,.0028282,.0386372,-.0001232,-.0010919,-6.27e-07,.0000334,1.65e-09,-7.11e-09
902,.01792,.0279979,-.0008005,-.0009164,.0000688,.0000389,-1.81e-08,-9.79e-09
903,.0075392,.0325923,-.0001559,-.0008358,9.83e-06,.0000257,-1.61e-09,-7.79e-09
904,.0098794,.0131184,-.0003755,-.0004045,-.0000284,.0000555,1.04e-08,-1.61e-08
905,.0007787,.0121386,.0000167,-.0004571,.0000265,.0000235,-8.07e-09,-7.69e-09
906,.0018731,.0160806,-.0000966,-.0004552,.0000289,.0000467,-3.67e-09,-1.08e-08
907,.0123302,.056664,-.0004225,-.0015216,.0000118,.0000531,-6.85e-09,-1.38e-08
908,.0044725,.0723988,-.0002371,-.0017267,-.0000113,.0000274,3.27e-09,-6.85e-09
909,.0097751,.0014333,-.000275,-.0003778,-2.56e-06,.000025,9.40e-10,-7.07e-09
910,.0081064,.0561981,-.0002735,-.0014965,8.07e-06,.0000204,-3.37e-09,-6.11e-09
911,.0160517,.0127412,-.0004367,-.0004391,-3.19e-06,.0000285,-2.13e-09,-8.44e-09
912,.0103449,.0388197,-.0001788,-.0011737,3.10e-06,.0000448,-6.02e-09,-1.36e-08
913,.0105164,.0475717,-.0001787,-.0012948,-5.43e-06,.0000164,5.19e-09,-5.10e-09
914,.0065291,.0570498,-.0002365,-.0014708,.0000302,.0000158,-5.91e-09,-4.68e-09
915,.0027468,.0279074,-.0001725,-.0007369,.0000137,.0000318,-2.21e-09,-7.69e-09
916,.007089,.0264669,-.0001994,-.0007569,.0000416,.0000265,-1.11e-08,-8.36e-09
917,.0071692,.0349969,-.0004412,-.0009071,.0000214,.0000278,-5.73e-09,-6.70e-09
918,.0156148,.0388101,-.0005416,-.0011519,.0000142,.0000204,-6.28e-09,-8.24e-09
919,.0104708,.0007571,-.0002043,-.0004504,.0000169,.0000191,-3.80e-09,-5.04e-09
920,.0110608,.0201091,-.0003916,-.0007258,.0000289,.0000368,-6.75e-09,-6.52e-09
921,.011792,.0135002,-.0006187,-.0005679,.0000301,.0000305,-9.69e-09,-8.65e-09
922,.0081439,.0027396,-.0003224,-.0002468,.0000163,.0000147,-7.97e-09,-5.12e-09
923,.0059635,.0751724,-.0004331,-.0017653,.0000157,.0000252,-6.26e-09,-7.18e-09
924,.0046296,.0078572,-.0001992,-.0003879,.000016,.0000228,-2.45e-09,-5.82e-09
925,.0121989,.0279593,-.0004833,-.0009036,.000012,.0000167,-4.81e-09,-5.75e-09
926,.0148629,.0002148,-.0007086,-.000217,.0000214,5.03e-06,-9.02e-09,-1.54e-09
927,.0038871,.0154598,-.000323,-.0006087,.0000196,4.48e-06,-3.38e-09,-2.50e-09
928,.0085452,-.000219,-.000271,-.0002781,6.41e-06,.0000419,-4.13e-09,-1.25e-08
929,.0098024,.0233122,-.0002826,-.000772,.000037,.0000235,-1.15e-08,-7.40e-09
930,.0091618,-.0018665,-.0003968,-.0001601,.000019,.0000401,-8.42e-09,-1.04e-08
931,.0080541,.0080822,-.0003346,-.0003741,.0000126,.0000271,-4.66e-09,-8.26e-09
932,.0106813,.0287188,-.0002335,-.0009264,-2.39e-06,.000021,1.89e-09,-6.37e-09
933,.011468,.0221556,-.0005864,-.0006737,-.0000153,.0000229,3.49e-09,-6.45e-09
934,.0118156,.0193803,-.0004971,-.0006697,9.13e-06,.0000362,-3.44e-09,-1.04e-08
935,.0094719,.0796251,-.0001976,-.0017664,5.41e-06,.0000325,-3.42e-09,-6.85e-09
936,.0029931,.0182004,-.0001635,-.0006773,.0000106,.0000124,-5.32e-09,-4.64e-09
937,.0084366,.0367272,-.0003869,-.000969,4.33e-06,.0000131,-3.03e-09,-3.65e-09
938,.0126647,.047915,-.0003927,-.0012729,6.71e-07,.0000177,-1.55e-09,-6.02e-09
939,.0055759,-.0049167,-.0001555,-.0001678,-2.73e-06,.0000224,3.12e-10,-6.85e-09
940,.0161413,.0038383,-.0005173,-.0002829,.0000425,.0000305,-1.36e-08,-8.57e-09
941,.0114053,.0432376,-.0003742,-.0012124,-.0000249,.000045,8.58e-09,-1.02e-08
942,.0206031,.028096,-.000809,-.0008048,.0000202,.0000363,-5.60e-09,-1.13e-08
943,.0112425,.0769499,-.0004632,-.0019201,2.06e-06,.0000306,-1.43e-09,-9.49e-09
944,.0169756,.0126026,-.0005759,-.0005283,-6.84e-06,3.15e-06,1.72e-09,-2.77e-09
945,.0110623,.0219579,-.0002462,-.0006922,6.71e-07,.0000304,-4.97e-10,-1.07e-08
946,.007944,.0310473,-.0004265,-.0008649,-.0000154,.0000664,1.78e-09,-1.91e-08
947,.0222805,.0522346,-.0007023,-.0013368,6.24e-06,.00003,-1.34e-09,-9.69e-09
948,.0085024,.0130443,-.0004379,-.0005869,.0000189,.0000137,-7.88e-09,-7.36e-09
949,.0057186,.0500933,-.0001917,-.0013521,-6.04e-06,.000041,-3.14e-10,-1.05e-08
950,.0071959,.0223497,-.0002108,-.0007118,.0000158,.0000264,-3.94e-09,-7.64e-09
951,.0083774,.0263772,-.0002853,-.0007568,-.0000263,.0000211,3.94e-09,-7.63e-09
952,.0072015,.0350658,-.0001752,-.0009005,.0000344,.0000331,-1.30e-08,-8.85e-09
953,.0047624,.0137716,-.0002746,-.0003789,-3.25e-06,.0000484,3.68e-09,-1.35e-08
954,.001155,-.0021194,-.0000818,-.000135,-2.83e-06,.0000169,-1.47e-09,-5.50e-09
955,.0103835,.0416337,-.0005105,-.0009808,.000012,.0000286,-6.46e-09,-9.27e-09
956,.0020593,.0146589,.0000251,-.0004863,2.68e-06,.0000174,-2.66e-10,-4.32e-09
957,.0056877,.0689287,-.0001036,-.0016587,.0000201,.0000184,-5.78e-09,-7.21e-09
958,.0053072,.0262442,-.0001424,-.000914,-3.27e-06,.000014,-8.41e-10,-4.60e-09
959,.0120556,.0068486,-.000497,-.0003517,1.57e-06,.0000227,-1.56e-09,-6.36e-09
960,.0080323,.0353158,-.000289,-.0011207,-.0000113,.0000155,-1.74e-09,-3.94e-09
961,.0113225,.020383,-.0002947,-.0007872,3.74e-06,.0000139,-3.39e-10,-5.73e-09
962,.0025326,.074543,.0000113,-.0017961,4.31e-06,.0000237,-5.08e-10,-5.05e-09
963,.0139339,.0297241,-.0005134,-.0009116,.0000286,.0000278,-9.00e-09,-5.82e-09
964,.0077414,.0377983,-.0004592,-.0008504,.0000238,.0000109,-7.88e-09,-2.99e-09
965,.007712,.0205627,-.0001321,-.0006252,.0000148,.0000149,-4.46e-09,-4.47e-09
966,.0068044,.0181985,-.0003154,-.0005733,9.08e-06,.0000279,-1.31e-09,-8.66e-09
967,.0105765,.0189861,-.0003366,-.0007682,.0000153,.0000411,-1.38e-09,-1.37e-08
968,.0106466,.0205351,-.0003991,-.000712,-8.03e-08,.0000268,6.82e-10,-7.21e-09
969,.0095797,.0261792,-.000358,-.000737,.0000104,.0000146,-4.84e-09,-6.01e-09
970,.0080557,.0336315,-.0003786,-.0008427,-.0000169,.0000237,6.63e-09,-7.71e-09
971,.0062317,.0486629,-.0003833,-.0012695,.0000263,.0000376,-5.53e-09,-1.12e-08
972,.0063089,.0102833,-.0001259,-.0004001,.0000163,.0000312,-4.26e-09,-8.74e-09
973,.0057549,.0070462,-.0002321,-.0004573,.0000246,.0000201,-9.29e-09,-5.45e-09
974,.0142629,.0188464,-.000529,-.0008091,8.01e-06,.0000224,-3.33e-09,-1.10e-08
975,.0076846,.0010935,-.0002697,-.0003678,-1.59e-06,.0000156,6.24e-10,-3.59e-09
976,.0103438,.0276152,-.0002365,-.0008283,-7.72e-06,.0000206,-3.90e-09,-4.68e-09
977,.0111594,.0341423,-.000372,-.0009686,-6.66e-06,.0000537,-2.85e-09,-1.41e-08
978,.0096886,.0371484,-.0004082,-.0010465,6.84e-06,.0000198,-2.43e-09,-6.12e-09
979,.0030718,.0127014,-.000051,-.0004552,-8.92e-06,.0000153,9.22e-11,-6.38e-09
980,.0062843,.0432882,-.0002732,-.0011268,.0000339,.0000413,-4.81e-09,-1.19e-08
981,.0090784,.0183609,-.0003814,-.0006835,.0000102,.0000541,-1.96e-09,-1.29e-08
982,.0137633,.0731593,-.000498,-.0015743,.000019,.0000302,-5.72e-09,-9.44e-09
983,.0122883,.036561,-.0003625,-.0010515,-.0000112,.0000511,4.07e-10,-1.55e-08
984,.0063629,.0234555,-.0000886,-.0007502,.0000109,.0000142,-2.39e-09,-4.16e-09
985,.0052856,.0525376,-.0002647,-.0012799,-3.97e-06,.0000551,-1.53e-09,-1.55e-08
986,.0069708,.0398925,-.0002798,-.0011183,-2.35e-06,.0000181,-4.09e-09,-6.93e-09
987,.0060311,.0515977,-.000255,-.001351,.0000114,.0000328,-2.76e-09,-8.08e-09
988,.0129441,.0074422,-.0003621,-.0005369,-1.76e-06,.0000481,1.89e-09,-1.52e-08
989,.0070302,.015503,-.0003183,-.0006645,.000011,.0000188,-2.94e-09,-5.61e-09
990,.0078295,.005776,-.0003573,-.00029,.0000296,.0000421,-8.63e-09,-1.04e-08
991,.0103087,.0268452,-.0003221,-.0006899,9.78e-06,.0000265,-4.25e-09,-7.75e-09
992,.0108656,.0332948,-.0004009,-.0010376,.0000367,.0000237,-1.12e-08,-7.30e-09
993,.0041671,.0276249,-.0001964,-.0008208,1.35e-06,.0000189,-2.82e-10,-4.98e-09
994,.0112446,.0280819,-.0004117,-.0009448,1.79e-06,.0000305,-2.33e-09,-8.47e-09
995,.0054225,.0359882,-.0001435,-.0008988,-1.31e-06,.0000297,-9.60e-10,-8.02e-09
996,.0069732,.0231641,-.0003007,-.0007479,-7.85e-06,.0000214,-4.63e-10,-8.53e-09
997,.0128081,.0137138,-.0005471,-.0006122,.000044,.000017,-1.46e-08,-4.46e-09
998,.0042515,.0550822,-.0001582,-.0012672,.0000109,.0000339,-3.69e-09,-9.34e-09
999,.0023831,.026942,-.0000794,-.0007262,-5.41e-06,2.31e-06,-2.79e-09,-7.83e-10
1000,.0126385,.0341388,-.0002683,-.001035,-1.65e-06,.000032,-9.08e-10,-7.86e-09
